Module,statements,missing,excluded,branches,partial,coverage
scipy/__config__.py,42,26,0,18,1,28%
scipy/__init__.py,61,9,0,14,4,83%
scipy/_build_utils/__init__.py,18,8,0,0,0,56%
scipy/_build_utils/_fortran.py,189,167,0,82,0,8%
scipy/_build_utils/compiler_helper.py,77,77,0,35,0,0%
scipy/_build_utils/system_info.py,124,116,0,68,1,5%
scipy/_build_utils/tempita.py,14,14,0,6,0,0%
scipy/_build_utils/tests/__init__.py,0,0,0,0,0,100%
scipy/_build_utils/tests/test_scipy_version.py,10,1,0,2,1,83%
scipy/_distributor_init.py,0,0,0,0,0,100%
scipy/_lib/__init__.py,3,0,0,0,0,100%
scipy/_lib/_boost_utils.py,5,5,0,0,0,0%
scipy/_lib/_bunch.py,72,3,0,30,2,95%
scipy/_lib/_ccallback.py,98,13,0,42,6,85%
scipy/_lib/_disjoint_set.py,65,1,0,24,1,98%
scipy/_lib/_docscrape.py,443,125,0,224,47,65%
scipy/_lib/_gcutils.py,31,1,0,12,1,95%
scipy/_lib/_pep440.py,198,55,0,100,7,70%
scipy/_lib/_testutils.py,121,59,0,56,2,49%
scipy/_lib/_threadsafety.py,32,0,0,10,1,98%
scipy/_lib/_tmpdirs.py,26,0,0,2,0,100%
scipy/_lib/_uarray/__init__.py,2,0,0,0,0,100%
scipy/_lib/_uarray/_backend.py,163,80,0,39,3,48%
scipy/_lib/_unuran_utils.py,5,5,0,0,0,0%
scipy/_lib/_util.py,218,32,0,116,12,84%
scipy/_lib/decorator.py,235,101,0,104,19,54%
scipy/_lib/deprecation.py,45,6,0,14,6,80%
scipy/_lib/doccer.py,96,10,0,40,7,88%
scipy/_lib/tests/__init__.py,0,0,0,0,0,100%
scipy/_lib/tests/test__gcutils.py,67,0,0,42,2,98%
scipy/_lib/tests/test__pep440.py,42,0,0,14,0,100%
scipy/_lib/tests/test__testutils.py,15,3,0,8,2,70%
scipy/_lib/tests/test__threadsafety.py,32,2,0,8,0,95%
scipy/_lib/tests/test__util.py,177,6,0,62,4,96%
scipy/_lib/tests/test_bunch.py,107,0,0,22,0,100%
scipy/_lib/tests/test_ccallback.py,110,5,0,46,3,94%
scipy/_lib/tests/test_deprecation.py,6,0,0,2,0,100%
scipy/_lib/tests/test_import_cycles.py,7,0,0,2,0,100%
scipy/_lib/tests/test_public_api.py,80,10,0,48,9,85%
scipy/_lib/tests/test_tmpdirs.py,30,0,0,12,0,100%
scipy/_lib/tests/test_warnings.py,67,47,0,32,0,24%
scipy/_lib/uarray.py,14,6,0,2,1,56%
scipy/cluster/__init__.py,5,0,0,0,0,100%
scipy/cluster/hierarchy.py,788,117,0,392,80,82%
scipy/cluster/tests/__init__.py,0,0,0,0,0,100%
scipy/cluster/tests/hierarchy_test_data.py,17,0,0,0,0,100%
scipy/cluster/tests/test_disjoint_set.py,149,0,0,56,1,99%
scipy/cluster/tests/test_hierarchy.py,660,3,0,152,0,99%
scipy/cluster/tests/test_vq.py,189,1,0,38,2,99%
scipy/cluster/vq.py,152,15,0,56,10,88%
scipy/conftest.py,55,14,0,16,5,70%
scipy/constants/__init__.py,13,0,0,8,1,95%
scipy/constants/_codata.py,101,7,0,42,3,92%
scipy/constants/_constants.py,144,2,0,16,2,98%
scipy/constants/codata.py,10,5,0,2,0,42%
scipy/constants/constants.py,10,5,0,2,0,42%
scipy/constants/tests/__init__.py,0,0,0,0,0,100%
scipy/constants/tests/test_codata.py,27,0,0,4,0,100%
scipy/constants/tests/test_constants.py,19,0,0,0,0,100%
scipy/fft/__init__.py,11,0,0,0,0,100%
scipy/fft/_backend.py,33,8,0,8,2,76%
scipy/fft/_basic.py,64,23,0,2,0,62%
scipy/fft/_debug_backends.py,13,13,0,4,0,0%
scipy/fft/_fftlog.py,76,0,0,16,0,100%
scipy/fft/_helper.py,8,1,0,0,0,88%
scipy/fft/_pocketfft/__init__.py,6,0,0,0,0,100%
scipy/fft/_pocketfft/basic.py,156,0,0,58,0,100%
scipy/fft/_pocketfft/helper.py,107,0,0,58,0,100%
scipy/fft/_pocketfft/realtransforms.py,64,2,0,22,2,95%
scipy/fft/_pocketfft/tests/__init__.py,0,0,0,0,0,100%
scipy/fft/_pocketfft/tests/test_basic.py,669,18,0,147,2,98%
scipy/fft/_pocketfft/tests/test_real_transforms.py,308,9,0,74,11,94%
scipy/fft/_realtransforms.py,28,8,0,0,0,71%
scipy/fft/tests/mock_backend.py,40,0,0,2,0,100%
scipy/fft/tests/test_backend.py,35,0,0,6,0,100%
scipy/fft/tests/test_fft_function.py,11,0,0,0,0,100%
scipy/fft/tests/test_fftlog.py,79,0,0,10,0,100%
scipy/fft/tests/test_helper.py,174,1,0,42,1,99%
scipy/fft/tests/test_multithreading.py,49,2,0,24,2,95%
scipy/fft/tests/test_numpy.py,242,1,0,66,1,99%
scipy/fft/tests/test_real_transforms.py,134,0,0,16,0,100%
scipy/fftpack/__init__.py,9,0,0,0,0,100%
scipy/fftpack/_basic.py,21,1,0,0,0,95%
scipy/fftpack/_helper.py,18,2,0,6,1,88%
scipy/fftpack/_pseudo_diffs.py,211,22,0,106,13,86%
scipy/fftpack/_realtransforms.py,28,0,0,0,0,100%
scipy/fftpack/basic.py,10,5,0,2,0,42%
scipy/fftpack/helper.py,10,5,0,2,0,42%
scipy/fftpack/pseudo_diffs.py,10,5,0,2,0,42%
scipy/fftpack/realtransforms.py,10,5,0,2,0,42%
scipy/fftpack/tests/__init__.py,0,0,0,0,0,100%
scipy/fftpack/tests/gen_fftw_ref.py,52,52,0,36,0,0%
scipy/fftpack/tests/gendata.py,4,4,0,0,0,0%
scipy/fftpack/tests/test_basic.py,572,19,0,125,2,97%
scipy/fftpack/tests/test_helper.py,34,0,0,8,0,100%
scipy/fftpack/tests/test_import.py,14,0,0,10,0,100%
scipy/fftpack/tests/test_pseudo_diffs.py,290,5,0,106,7,97%
scipy/fftpack/tests/test_real_transforms.py,576,17,0,230,8,97%
scipy/integrate/__init__.py,12,0,0,2,0,100%
scipy/integrate/_bvp.py,378,16,0,128,11,93%
scipy/integrate/_ivp/__init__.py,7,0,0,0,0,100%
scipy/integrate/_ivp/base.py,98,6,0,34,3,93%
scipy/integrate/_ivp/bdf.py,244,6,0,70,6,96%
scipy/integrate/_ivp/common.py,213,9,0,64,6,94%
scipy/integrate/_ivp/dop853_coefficients.py,152,0,0,0,0,100%
scipy/integrate/_ivp/ivp.py,162,5,0,98,5,96%
scipy/integrate/_ivp/lsoda.py,57,2,0,18,3,93%
scipy/integrate/_ivp/radau.py,261,6,0,76,6,96%
scipy/integrate/_ivp/rk.py,191,1,0,46,1,99%
scipy/integrate/_ivp/tests/test_ivp.py,667,10,0,68,0,99%
scipy/integrate/_ivp/tests/test_rk.py,27,0,0,4,0,100%
scipy/integrate/_ode.py,509,51,0,174,29,88%
scipy/integrate/_odepack_py.py,31,4,0,16,2,87%
scipy/integrate/_quad_vec.py,264,15,0,110,7,93%
scipy/integrate/_quadpack_py.py,198,51,0,114,12,70%
scipy/integrate/_quadrature.py,326,55,0,112,21,79%
scipy/integrate/dop.py,10,5,0,2,0,42%
scipy/integrate/lsoda.py,10,5,0,2,0,42%
scipy/integrate/odepack.py,10,5,0,2,0,42%
scipy/integrate/quadpack.py,10,5,0,2,0,42%
scipy/integrate/tests/__init__.py,0,0,0,0,0,100%
scipy/integrate/tests/test__quad_vec.py,127,0,0,28,0,100%
scipy/integrate/tests/test_banded_ode_solvers.py,102,3,0,36,1,96%
scipy/integrate/tests/test_bvp.py,447,0,0,44,0,100%
scipy/integrate/tests/test_integrate.py,504,2,0,138,3,99%
scipy/integrate/tests/test_odeint_jac.py,49,1,0,4,1,96%
scipy/integrate/tests/test_quadpack.py,262,8,0,46,5,96%
scipy/integrate/tests/test_quadrature.py,179,1,0,24,0,99%
scipy/integrate/vode.py,10,5,0,2,0,42%
scipy/interpolate/__init__.py,16,0,0,2,0,100%
scipy/interpolate/_bsplines.py,445,28,0,191,28,91%
scipy/interpolate/_cubic.py,260,2,0,102,2,99%
scipy/interpolate/_fitpack2.py,450,63,0,234,31,84%
scipy/interpolate/_fitpack_impl.py,413,96,0,232,64,72%
scipy/interpolate/_fitpack_py.py,64,4,0,22,2,93%
scipy/interpolate/_interpnd_info.py,17,17,0,2,0,0%
scipy/interpolate/_interpolate.py,926,88,0,455,62,88%
scipy/interpolate/_ndgriddata.py,46,3,0,20,3,91%
scipy/interpolate/_pade.py,26,3,0,12,3,84%
scipy/interpolate/_polyint.py,203,11,0,72,8,92%
scipy/interpolate/_rbf.py,97,11,0,48,9,83%
scipy/interpolate/_rbfinterp.py,121,2,0,56,4,97%
scipy/interpolate/_rbfinterp_pythran.py,85,85,0,22,0,0%
scipy/interpolate/fitpack.py,10,5,0,2,0,42%
scipy/interpolate/fitpack2.py,10,5,0,2,0,42%
scipy/interpolate/interpolate.py,10,5,0,2,0,42%
scipy/interpolate/ndgriddata.py,10,5,0,2,0,42%
scipy/interpolate/polyint.py,10,5,0,2,0,42%
scipy/interpolate/rbf.py,10,5,0,2,0,42%
scipy/interpolate/tests/__init__.py,0,0,0,0,0,100%
scipy/interpolate/tests/test_bsplines.py,939,5,0,182,5,99%
scipy/interpolate/tests/test_fitpack.py,346,17,0,100,13,92%
scipy/interpolate/tests/test_fitpack2.py,785,2,0,196,2,99%
scipy/interpolate/tests/test_gil.py,45,31,0,10,0,29%
scipy/interpolate/tests/test_interpnd.py,204,4,0,34,0,98%
scipy/interpolate/tests/test_interpolate.py,1916,11,0,326,6,99%
scipy/interpolate/tests/test_ndgriddata.py,113,0,0,26,0,100%
scipy/interpolate/tests/test_pade.py,65,0,0,4,0,100%
scipy/interpolate/tests/test_polyint.py,490,0,0,114,0,100%
scipy/interpolate/tests/test_rbf.py,138,0,0,12,0,100%
scipy/interpolate/tests/test_rbfinterp.py,298,2,0,48,1,99%
scipy/interpolate/tests/test_regression.py,11,0,0,2,0,100%
scipy/io/__init__.py,12,0,0,2,0,100%
scipy/io/_fortran.py,78,10,0,50,10,84%
scipy/io/_harwell_boeing/__init__.py,7,0,0,0,0,100%
scipy/io/_harwell_boeing/_fortran_format_parser.py,164,25,0,64,4,83%
scipy/io/_harwell_boeing/hb.py,264,50,0,102,32,75%
scipy/io/_harwell_boeing/tests/__init__.py,0,0,0,0,0,100%
scipy/io/_harwell_boeing/tests/test_fortran_format.py,51,0,0,16,0,100%
scipy/io/_harwell_boeing/tests/test_hb.py,30,0,0,8,0,100%
scipy/io/_idl.py,428,88,0,242,28,77%
scipy/io/_mmio.py,459,86,0,274,26,80%
scipy/io/_netcdf.py,481,20,0,166,19,94%
scipy/io/arff/__init__.py,7,0,0,0,0,100%
scipy/io/arff/_arffread.py,375,88,0,153,17,76%
scipy/io/arff/arffread.py,10,5,0,2,0,42%
scipy/io/arff/tests/__init__.py,0,0,0,0,0,100%
scipy/io/arff/tests/test_arffread.py,204,0,0,48,0,100%
scipy/io/harwell_boeing.py,10,5,0,2,0,42%
scipy/io/idl.py,10,5,0,2,0,42%
scipy/io/matlab/__init__.py,9,0,0,0,0,100%
scipy/io/matlab/_byteordercodes.py,19,1,0,10,1,93%
scipy/io/matlab/_mio.py,64,4,0,30,4,91%
scipy/io/matlab/_mio4.py,280,14,0,96,18,91%
scipy/io/matlab/_mio5.py,399,29,0,148,15,90%
scipy/io/matlab/_mio5_params.py,78,3,0,14,0,97%
scipy/io/matlab/_miobase.py,111,9,0,40,2,93%
scipy/io/matlab/byteordercodes.py,10,5,0,2,0,42%
scipy/io/matlab/mio.py,10,5,0,2,0,42%
scipy/io/matlab/mio4.py,10,5,0,2,0,42%
scipy/io/matlab/mio5.py,10,5,0,2,0,42%
scipy/io/matlab/mio5_params.py,10,2,0,2,1,75%
scipy/io/matlab/mio5_utils.py,10,5,0,2,0,42%
scipy/io/matlab/mio_utils.py,10,5,0,2,0,42%
scipy/io/matlab/miobase.py,10,1,0,2,0,92%
scipy/io/matlab/streams.py,10,5,0,2,0,42%
scipy/io/matlab/tests/__init__.py,0,0,0,0,0,100%
scipy/io/matlab/tests/test_byteordercodes.py,20,2,0,6,1,88%
scipy/io/matlab/tests/test_mio.py,783,11,0,104,5,98%
scipy/io/matlab/tests/test_mio5_utils.py,128,0,0,20,1,99%
scipy/io/matlab/tests/test_mio_funcs.py,37,1,0,6,2,93%
scipy/io/matlab/tests/test_mio_utils.py,29,0,0,2,0,100%
scipy/io/matlab/tests/test_miobase.py,20,0,0,0,0,100%
scipy/io/matlab/tests/test_pathological.py,14,0,0,2,0,100%
scipy/io/matlab/tests/test_streams.py,162,0,0,22,0,100%
scipy/io/mmio.py,10,5,0,2,0,42%
scipy/io/netcdf.py,10,5,0,2,0,42%
scipy/io/tests/__init__.py,0,0,0,0,0,100%
scipy/io/tests/test_fortran.py,166,2,0,70,2,98%
scipy/io/tests/test_idl.py,293,5,0,42,1,98%
scipy/io/tests/test_mmio.py,348,6,0,36,2,98%
scipy/io/tests/test_netcdf.py,346,3,0,124,5,98%
scipy/io/tests/test_paths.py,65,0,0,18,0,100%
scipy/io/tests/test_wavfile.py,214,2,0,78,1,99%
scipy/io/wavfile.py,478,13,0,110,13,96%
scipy/linalg/__init__.py,26,0,0,2,0,100%
scipy/linalg/_basic.py,418,47,0,210,46,85%
scipy/linalg/_cython_signature_generator.py,52,52,0,30,0,0%
scipy/linalg/_decomp.py,385,32,0,200,20,89%
scipy/linalg/_decomp_cholesky.py,71,12,0,32,11,78%
scipy/linalg/_decomp_cossin.py,81,4,0,32,4,93%
scipy/linalg/_decomp_ldl.py,84,2,0,34,2,97%
scipy/linalg/_decomp_lu.py,47,7,0,22,7,80%
scipy/linalg/_decomp_polar.py,15,2,0,6,2,81%
scipy/linalg/_decomp_qr.py,129,8,0,70,8,92%
scipy/linalg/_decomp_qz.py,119,14,0,54,15,83%
scipy/linalg/_decomp_schur.py,102,10,0,66,13,86%
scipy/linalg/_decomp_svd.py,86,7,0,34,5,88%
scipy/linalg/_expm_frechet.py,153,8,0,36,8,92%
scipy/linalg/_flinalg_py.py,29,4,0,12,1,83%
scipy/linalg/_generate_pyx.py,183,183,0,102,0,0%
scipy/linalg/_interpolative_backend.py,285,27,0,46,21,85%
scipy/linalg/_matfuncs.py,138,26,0,46,8,77%
scipy/linalg/_matfuncs_inv_ssq.py,350,30,0,182,20,90%
scipy/linalg/_matfuncs_sqrtm.py,79,4,0,30,4,93%
scipy/linalg/_matfuncs_sqrtm_triu.py,15,15,0,14,0,0%
scipy/linalg/_misc.py,37,2,0,28,2,94%
scipy/linalg/_procrustes.py,17,2,0,6,1,87%
scipy/linalg/_sketches.py,14,0,0,0,0,100%
scipy/linalg/_solvers.py,215,21,0,90,26,85%
scipy/linalg/_special_matrices.py,246,9,0,124,8,95%
scipy/linalg/_testutils.py,39,0,0,22,0,100%
scipy/linalg/basic.py,10,5,0,2,0,42%
scipy/linalg/blas.py,102,7,0,42,4,91%
scipy/linalg/decomp.py,10,5,0,2,0,42%
scipy/linalg/decomp_cholesky.py,10,5,0,2,0,42%
scipy/linalg/decomp_lu.py,10,5,0,2,0,42%
scipy/linalg/decomp_qr.py,10,5,0,2,0,42%
scipy/linalg/decomp_schur.py,10,5,0,2,0,42%
scipy/linalg/decomp_svd.py,10,5,0,2,0,42%
scipy/linalg/flinalg.py,10,5,0,2,0,42%
scipy/linalg/interpolative.py,181,14,0,118,13,91%
scipy/linalg/lapack.py,76,11,0,30,6,78%
scipy/linalg/matfuncs.py,10,5,0,2,0,42%
scipy/linalg/misc.py,10,5,0,2,0,42%
scipy/linalg/special_matrices.py,10,5,0,2,0,42%
scipy/linalg/tests/__init__.py,0,0,0,0,0,100%
scipy/linalg/tests/test_basic.py,1002,38,0,230,1,95%
scipy/linalg/tests/test_blas.py,784,31,0,236,37,93%
scipy/linalg/tests/test_cython_blas.py,73,0,0,4,0,100%
scipy/linalg/tests/test_cython_lapack.py,10,0,0,6,0,100%
scipy/linalg/tests/test_cythonized_array_utils.py,93,0,0,32,0,100%
scipy/linalg/tests/test_decomp.py,1878,54,0,292,6,97%
scipy/linalg/tests/test_decomp_cholesky.py,138,0,0,22,0,100%
scipy/linalg/tests/test_decomp_cossin.py,94,0,0,28,0,100%
scipy/linalg/tests/test_decomp_ldl.py,81,0,0,10,0,100%
scipy/linalg/tests/test_decomp_polar.py,44,0,0,8,0,100%
scipy/linalg/tests/test_decomp_update.py,1267,7,0,280,8,99%
scipy/linalg/tests/test_fblas.py,352,32,0,112,4,88%
scipy/linalg/tests/test_interpolative.py,149,7,0,20,5,93%
scipy/linalg/tests/test_lapack.py,1606,43,0,344,25,96%
scipy/linalg/tests/test_matfuncs.py,525,41,0,134,2,93%
scipy/linalg/tests/test_matmul_toeplitz.py,94,0,0,6,0,100%
scipy/linalg/tests/test_misc.py,3,0,0,0,0,100%
scipy/linalg/tests/test_procrustes.py,120,0,0,18,0,100%
scipy/linalg/tests/test_sketches.py,64,2,0,32,2,96%
scipy/linalg/tests/test_solve_toeplitz.py,80,0,0,14,0,100%
scipy/linalg/tests/test_solvers.py,159,39,0,40,5,73%
scipy/linalg/tests/test_special_matrices.py,334,0,0,90,0,100%
scipy/misc/__init__.py,8,0,0,0,0,100%
scipy/misc/_common.py,72,33,0,40,6,47%
scipy/misc/_doccer.py,27,3,0,0,0,89%
scipy/misc/common.py,10,5,0,2,0,42%
scipy/misc/doccer.py,10,5,0,2,0,42%
scipy/misc/tests/__init__.py,0,0,0,0,0,100%
scipy/misc/tests/test_common.py,12,0,0,0,0,100%
scipy/misc/tests/test_doccer.py,65,3,0,14,0,96%
scipy/ndimage/__init__.py,14,0,0,2,0,100%
scipy/ndimage/_filters.py,462,36,0,220,34,90%
scipy/ndimage/_fourier.py,71,17,0,30,7,64%
scipy/ndimage/_interpolation.py,268,40,0,127,30,82%
scipy/ndimage/_measurements.py,318,33,0,156,24,87%
scipy/ndimage/_morphology.py,413,44,0,234,37,87%
scipy/ndimage/_ni_docstrings.py,19,0,0,0,0,100%
scipy/ndimage/_ni_support.py,51,3,0,36,2,94%
scipy/ndimage/filters.py,10,5,0,2,0,42%
scipy/ndimage/fourier.py,10,5,0,2,0,42%
scipy/ndimage/interpolation.py,10,5,0,2,0,42%
scipy/ndimage/measurements.py,10,5,0,2,0,42%
scipy/ndimage/morphology.py,10,5,0,2,0,42%
scipy/ndimage/tests/__init__.py,7,0,0,0,0,100%
scipy/ndimage/tests/test_c_api.py,52,0,0,16,0,100%
scipy/ndimage/tests/test_datatypes.py,39,0,0,6,0,100%
scipy/ndimage/tests/test_filters.py,1223,0,0,72,2,99%
scipy/ndimage/tests/test_fourier.py,114,0,0,8,0,100%
scipy/ndimage/tests/test_interpolation.py,756,4,0,58,1,99%
scipy/ndimage/tests/test_measurements.py,768,0,0,158,1,99%
scipy/ndimage/tests/test_morphology.py,1011,0,0,26,0,100%
scipy/ndimage/tests/test_splines.py,39,1,0,14,1,96%
scipy/odr/__init__.py,8,0,0,2,0,100%
scipy/odr/_add_newdocs.py,3,0,0,0,0,100%
scipy/odr/_models.py,90,1,0,12,2,97%
scipy/odr/_odrpack.py,353,109,0,214,35,64%
scipy/odr/models.py,10,5,0,2,0,42%
scipy/odr/odrpack.py,10,5,0,2,0,42%
scipy/odr/tests/__init__.py,0,0,0,0,0,100%
scipy/odr/tests/test_odr.py,253,12,0,20,1,95%
scipy/optimize/__init__.py,27,0,0,2,0,100%
scipy/optimize/_basinhopping.py,227,33,0,98,13,85%
scipy/optimize/_cobyla_py.py,84,12,0,36,7,81%
scipy/optimize/_constraints.py,183,13,0,90,7,91%
scipy/optimize/_differentiable_functions.py,364,29,0,112,14,91%
scipy/optimize/_differentialevolution.py,382,9,0,150,12,96%
scipy/optimize/_dual_annealing.py,290,32,0,122,16,85%
scipy/optimize/_group_columns.py,57,57,0,36,0,0%
scipy/optimize/_hessian_update_strategy.py,133,19,0,58,7,83%
scipy/optimize/_highs/__init__.py,0,0,0,0,0,100%
scipy/optimize/_lbfgsb_py.py,134,3,0,52,4,96%
scipy/optimize/_linesearch.py,304,9,0,102,8,96%
scipy/optimize/_linprog.py,96,35,0,34,2,62%
scipy/optimize/_linprog_doc.py,13,6,0,0,0,54%
scipy/optimize/_linprog_highs.py,64,0,0,10,0,100%
scipy/optimize/_linprog_ip.py,252,20,0,72,9,91%
scipy/optimize/_linprog_rs.py,194,12,0,48,6,93%
scipy/optimize/_linprog_simplex.py,107,1,0,47,1,99%
scipy/optimize/_linprog_util.py,487,21,0,202,16,95%
scipy/optimize/_lsap.py,3,0,0,0,0,100%
scipy/optimize/_lsq/__init__.py,3,0,0,0,0,100%
scipy/optimize/_lsq/bvls.py,118,5,0,30,6,93%
scipy/optimize/_lsq/common.py,294,27,0,90,5,88%
scipy/optimize/_lsq/dogbox.py,148,4,0,42,5,95%
scipy/optimize/_lsq/least_squares.py,255,12,0,140,11,94%
scipy/optimize/_lsq/lsq_linear.py,81,17,0,56,17,75%
scipy/optimize/_lsq/trf.py,289,21,0,106,20,90%
scipy/optimize/_lsq/trf_linear.py,144,21,0,50,10,82%
scipy/optimize/_minimize.py,226,20,0,162,13,90%
scipy/optimize/_minpack_py.py,283,42,0,124,20,84%
scipy/optimize/_nnls.py,20,3,0,8,3,79%
scipy/optimize/_nonlin.py,629,137,0,278,36,73%
scipy/optimize/_numdiff.py,278,11,0,106,14,93%
scipy/optimize/_optimize.py,1395,157,0,591,67,88%
scipy/optimize/_qap.py,204,1,0,92,3,99%
scipy/optimize/_remove_redundancy.py,173,10,0,42,2,93%
scipy/optimize/_root.py,88,15,0,34,5,82%
scipy/optimize/_root_scalar.py,123,29,0,70,16,74%
scipy/optimize/_shgo.py,610,6,0,280,25,97%
scipy/optimize/_shgo_lib/__init__.py,0,0,0,0,0,100%
scipy/optimize/_shgo_lib/triangulation.py,359,86,0,154,11,72%
scipy/optimize/_slsqp_py.py,193,38,0,84,8,82%
scipy/optimize/_spectral.py,106,9,0,34,10,86%
scipy/optimize/_tnc.py,97,20,0,34,7,78%
scipy/optimize/_trlib/__init__.py,6,0,0,0,0,100%
scipy/optimize/_trustregion.py,153,19,0,64,10,86%
scipy/optimize/_trustregion_constr/__init__.py,2,0,0,0,0,100%
scipy/optimize/_trustregion_constr/canonical_constraint.py,253,12,0,56,6,94%
scipy/optimize/_trustregion_constr/equality_constrained_sqp.py,104,0,0,24,0,100%
scipy/optimize/_trustregion_constr/minimize_trustregion_constr.py,174,9,0,104,13,92%
scipy/optimize/_trustregion_constr/projections.py,163,26,0,44,5,83%
scipy/optimize/_trustregion_constr/qp_subproblem.py,214,11,0,78,7,93%
scipy/optimize/_trustregion_constr/report.py,32,0,0,14,0,100%
scipy/optimize/_trustregion_constr/tests/__init__.py,0,0,0,0,0,100%
scipy/optimize/_trustregion_constr/tests/test_canonical_constraint.py,197,0,0,16,0,100%
scipy/optimize/_trustregion_constr/tests/test_projections.py,128,2,0,36,0,99%
scipy/optimize/_trustregion_constr/tests/test_qp_subproblem.py,330,0,0,16,0,100%
scipy/optimize/_trustregion_constr/tests/test_report.py,18,0,0,6,0,100%
scipy/optimize/_trustregion_constr/tr_interior_point.py,148,5,0,22,6,94%
scipy/optimize/_trustregion_dogleg.py,39,1,0,14,1,96%
scipy/optimize/_trustregion_exact.py,139,2,0,38,2,98%
scipy/optimize/_trustregion_krylov.py,11,2,0,6,2,76%
scipy/optimize/_trustregion_ncg.py,51,4,0,16,3,90%
scipy/optimize/_tstutils.py,205,33,0,52,7,79%
scipy/optimize/_zeros_py.py,465,55,0,204,41,85%
scipy/optimize/cobyla.py,10,5,0,2,0,42%
scipy/optimize/cython_optimize/__init__.py,0,0,0,0,0,100%
scipy/optimize/lbfgsb.py,10,5,0,2,0,42%
scipy/optimize/linesearch.py,10,5,0,2,0,42%
scipy/optimize/minpack.py,10,5,0,2,0,42%
scipy/optimize/minpack2.py,10,5,0,2,0,42%
scipy/optimize/moduleTNC.py,10,5,0,2,0,42%
scipy/optimize/nonlin.py,10,5,0,2,0,42%
scipy/optimize/optimize.py,10,5,0,2,0,42%
scipy/optimize/slsqp.py,10,5,0,2,0,42%
scipy/optimize/tests/__init__.py,0,0,0,0,0,100%
scipy/optimize/tests/test__basinhopping.py,286,0,0,50,1,99%
scipy/optimize/tests/test__differential_evolution.py,688,33,0,40,3,95%
scipy/optimize/tests/test__dual_annealing.py,187,0,0,24,0,100%
scipy/optimize/tests/test__linprog_clean_inputs.py,175,0,0,0,0,100%
scipy/optimize/tests/test__numdiff.py,471,1,0,42,0,99%
scipy/optimize/tests/test__remove_redundancy.py,188,7,0,20,1,94%
scipy/optimize/tests/test__root.py,47,1,0,16,1,97%
scipy/optimize/tests/test__shgo.py,313,15,0,56,2,95%
scipy/optimize/tests/test__spectral.py,127,9,0,12,0,94%
scipy/optimize/tests/test_cobyla.py,81,0,0,8,0,100%
scipy/optimize/tests/test_constraint_conversion.py,144,7,0,116,1,95%
scipy/optimize/tests/test_constraints.py,125,0,0,4,0,100%
scipy/optimize/tests/test_cython_optimize.py,21,0,0,4,0,100%
scipy/optimize/tests/test_differentiable_functions.py,597,0,0,34,0,100%
scipy/optimize/tests/test_hessian_update_strategy.py,98,4,0,36,1,96%
scipy/optimize/tests/test_lbfgsb_hessinv.py,24,0,0,4,0,100%
scipy/optimize/tests/test_lbfgsb_setulb.py,56,1,0,10,1,97%
scipy/optimize/tests/test_least_squares.py,447,1,0,86,1,99%
scipy/optimize/tests/test_linear_assignment.py,72,0,0,16,0,100%
scipy/optimize/tests/test_linesearch.py,206,2,0,58,2,98%
scipy/optimize/tests/test_linprog.py,1220,37,0,238,13,96%
scipy/optimize/tests/test_lsq_common.py,215,0,0,6,0,100%
scipy/optimize/tests/test_lsq_linear.py,136,0,0,28,0,100%
scipy/optimize/tests/test_minimize_constrained.py,414,90,0,108,17,73%
scipy/optimize/tests/test_minpack.py,531,2,0,116,8,98%
scipy/optimize/tests/test_nnls.py,20,0,0,4,0,100%
scipy/optimize/tests/test_nonlin.py,265,4,0,62,8,96%
scipy/optimize/tests/test_optimize.py,1349,10,0,342,9,99%
scipy/optimize/tests/test_quadratic_assignment.py,179,3,0,62,2,98%
scipy/optimize/tests/test_regression.py,22,0,0,10,0,100%
scipy/optimize/tests/test_slsqp.py,307,2,0,56,1,99%
scipy/optimize/tests/test_tnc.py,184,0,0,6,0,100%
scipy/optimize/tests/test_trustregion.py,60,0,0,10,0,100%
scipy/optimize/tests/test_trustregion_exact.py,119,0,0,34,0,100%
scipy/optimize/tests/test_trustregion_krylov.py,63,0,0,12,0,100%
scipy/optimize/tests/test_zeros.py,452,5,0,146,3,99%
scipy/optimize/tnc.py,10,5,0,2,0,42%
scipy/optimize/zeros.py,10,5,0,2,0,42%
scipy/signal/__init__.py,45,2,0,12,3,91%
scipy/signal/_arraytools.py,48,4,0,12,4,87%
scipy/signal/_bsplines.py,200,3,0,66,3,98%
scipy/signal/_czt.py,85,0,0,22,0,100%
scipy/signal/_filter_design.py,1278,77,0,546,60,92%
scipy/signal/_fir_filter_design.py,270,5,0,144,6,97%
scipy/signal/_lti_conversion.py,159,17,0,64,11,87%
scipy/signal/_ltisys.py,916,70,0,390,49,90%
scipy/signal/_max_len_seq.py,31,0,0,16,0,100%
scipy/signal/_peak_finding.py,223,2,0,108,4,98%
scipy/signal/_savitzky_golay.py,80,6,0,34,6,89%
scipy/signal/_signaltools.py,1176,77,0,591,60,92%
scipy/signal/_spectral.py,32,32,0,8,0,0%
scipy/signal/_spectral_py.py,364,29,0,228,22,90%
scipy/signal/_upfirdn.py,41,0,0,6,0,100%
scipy/signal/_waveforms.py,118,55,0,48,8,55%
scipy/signal/_wavelets.py,141,8,0,52,8,91%
scipy/signal/bsplines.py,10,5,0,2,0,42%
scipy/signal/filter_design.py,10,5,0,2,0,42%
scipy/signal/fir_filter_design.py,10,5,0,2,0,42%
scipy/signal/lti_conversion.py,10,5,0,2,0,42%
scipy/signal/ltisys.py,10,5,0,2,0,42%
scipy/signal/signaltools.py,10,5,0,2,0,42%
scipy/signal/spectral.py,10,5,0,2,0,42%
scipy/signal/spline.py,10,5,0,2,0,42%
scipy/signal/tests/__init__.py,0,0,0,0,0,100%
scipy/signal/tests/mpsig.py,55,4,0,28,2,93%
scipy/signal/tests/test_array_tools.py,61,0,0,2,0,100%
scipy/signal/tests/test_bsplines.py,111,0,0,14,0,100%
scipy/signal/tests/test_cont2discrete.py,251,0,0,6,0,100%
scipy/signal/tests/test_czt.py,137,5,0,34,0,96%
scipy/signal/tests/test_dltisys.py,351,0,0,26,0,100%
scipy/signal/tests/test_filter_design.py,2092,2,0,473,0,99%
scipy/signal/tests/test_fir_filter_design.py,372,0,0,66,0,100%
scipy/signal/tests/test_ltisys.py,759,1,0,94,2,99%
scipy/signal/tests/test_max_len_seq.py,36,0,0,12,0,100%
scipy/signal/tests/test_peak_finding.py,509,1,0,126,1,99%
scipy/signal/tests/test_result_type.py,31,0,0,0,0,100%
scipy/signal/tests/test_savitzky_golay.py,179,0,0,20,0,100%
scipy/signal/tests/test_signaltools.py,2261,23,0,332,6,99%
scipy/signal/tests/test_spectral.py,1008,0,0,82,0,100%
scipy/signal/tests/test_upfirdn.py,161,0,0,44,0,100%
scipy/signal/tests/test_waveforms.py,268,1,0,12,1,99%
scipy/signal/tests/test_wavelets.py,107,0,0,18,0,100%
scipy/signal/tests/test_windows.py,294,1,0,84,2,99%
scipy/signal/waveforms.py,10,5,0,2,0,42%
scipy/signal/wavelets.py,10,5,0,2,0,42%
scipy/signal/windows/__init__.py,3,0,0,0,0,100%
scipy/signal/windows/_windows.py,299,2,0,110,2,99%
scipy/signal/windows/windows.py,10,5,0,2,0,42%
scipy/sparse/__init__.py,20,0,0,2,0,100%
scipy/sparse/_arrays.py,59,1,0,18,1,97%
scipy/sparse/_base.py,506,48,0,214,22,89%
scipy/sparse/_bsr.py,316,34,0,114,17,85%
scipy/sparse/_compressed.py,738,46,0,288,34,91%
scipy/sparse/_construct.py,282,16,0,132,10,94%
scipy/sparse/_coo.py,290,16,0,104,14,92%
scipy/sparse/_csc.py,84,2,0,18,2,96%
scipy/sparse/_csr.py,130,5,0,36,4,95%
scipy/sparse/_data.py,182,16,0,76,8,89%
scipy/sparse/_dia.py,241,12,0,78,7,93%
scipy/sparse/_dok.py,274,27,0,120,9,89%
scipy/sparse/_extract.py,21,0,0,0,0,100%
scipy/sparse/_generate_sparsetools.py,132,132,0,58,0,0%
scipy/sparse/_index.py,257,33,0,150,6,88%
scipy/sparse/_lil.py,290,21,0,114,10,92%
scipy/sparse/_matrix_io.py,37,5,0,18,2,87%
scipy/sparse/_spfuncs.py,45,4,0,28,4,89%
scipy/sparse/_sputils.py,173,15,0,93,9,89%
scipy/sparse/base.py,10,5,0,2,0,42%
scipy/sparse/bsr.py,10,5,0,2,0,42%
scipy/sparse/compressed.py,10,5,0,2,0,42%
scipy/sparse/construct.py,10,5,0,2,0,42%
scipy/sparse/coo.py,10,5,0,2,0,42%
scipy/sparse/csc.py,10,5,0,2,0,42%
scipy/sparse/csgraph/__init__.py,13,0,0,0,0,100%
scipy/sparse/csgraph/_laplacian.py,50,0,0,14,0,100%
scipy/sparse/csgraph/_validation.py,30,9,0,18,5,67%
scipy/sparse/csgraph/tests/__init__.py,0,0,0,0,0,100%
scipy/sparse/csgraph/tests/test_connected_components.py,47,0,0,6,0,100%
scipy/sparse/csgraph/tests/test_conversions.py,40,0,0,10,0,100%
scipy/sparse/csgraph/tests/test_flow.py,106,4,0,14,0,97%
scipy/sparse/csgraph/tests/test_graph_laplacian.py,76,2,0,32,2,96%
scipy/sparse/csgraph/tests/test_matching.py,137,1,0,14,0,99%
scipy/sparse/csgraph/tests/test_reordering.py,33,0,0,0,0,100%
scipy/sparse/csgraph/tests/test_shortest_path.py,168,1,0,50,1,99%
scipy/sparse/csgraph/tests/test_spanning_tree.py,29,0,0,2,0,100%
scipy/sparse/csgraph/tests/test_traversal.py,31,0,0,8,0,100%
scipy/sparse/csr.py,10,5,0,2,0,42%
scipy/sparse/data.py,10,5,0,2,0,42%
scipy/sparse/dia.py,10,5,0,2,0,42%
scipy/sparse/dok.py,10,5,0,2,0,42%
scipy/sparse/extract.py,10,5,0,2,0,42%
scipy/sparse/lil.py,10,5,0,2,0,42%
scipy/sparse/linalg/__init__.py,13,0,0,2,0,100%
scipy/sparse/linalg/_dsolve/__init__.py,8,0,0,0,0,100%
scipy/sparse/linalg/_dsolve/_add_newdocs.py,9,0,0,0,0,100%
scipy/sparse/linalg/_dsolve/linsolve.py,207,55,0,106,18,71%
scipy/sparse/linalg/_dsolve/tests/__init__.py,0,0,0,0,0,100%
scipy/sparse/linalg/_dsolve/tests/test_linsolve.py,536,120,0,98,1,75%
scipy/sparse/linalg/_eigen/__init__.py,8,0,0,0,0,100%
scipy/sparse/linalg/_eigen/_svds.py,157,18,0,62,4,88%
scipy/sparse/linalg/_eigen/_svds_doc.py,6,6,0,0,0,0%
scipy/sparse/linalg/_eigen/arpack/__init__.py,1,0,0,0,0,100%
scipy/sparse/linalg/_eigen/arpack/arpack.py,637,89,0,370,85,83%
scipy/sparse/linalg/_eigen/arpack/tests/__init__.py,0,0,0,0,0,100%
scipy/sparse/linalg/_eigen/arpack/tests/test_arpack.py,452,36,0,189,11,92%
scipy/sparse/linalg/_eigen/lobpcg/__init__.py,5,0,0,2,0,100%
scipy/sparse/linalg/_eigen/lobpcg/lobpcg.py,331,34,0,136,20,88%
scipy/sparse/linalg/_eigen/lobpcg/tests/__init__.py,0,0,0,0,0,100%
scipy/sparse/linalg/_eigen/lobpcg/tests/test_lobpcg.py,266,45,0,32,0,83%
scipy/sparse/linalg/_eigen/tests/__init__.py,0,0,0,0,0,100%
scipy/sparse/linalg/_eigen/tests/test_svds.py,478,15,0,200,18,95%
scipy/sparse/linalg/_expm_multiply.py,254,20,0,121,21,89%
scipy/sparse/linalg/_interface.py,346,28,0,138,28,88%
scipy/sparse/linalg/_isolve/__init__.py,11,0,0,0,0,100%
scipy/sparse/linalg/_isolve/_gcrotmk.py,193,2,0,102,4,98%
scipy/sparse/linalg/_isolve/iterative.py,426,10,0,212,16,96%
scipy/sparse/linalg/_isolve/lgmres.py,70,4,0,34,3,93%
scipy/sparse/linalg/_isolve/lsmr.py,187,39,0,58,10,78%
scipy/sparse/linalg/_isolve/lsqr.py,205,60,0,76,15,67%
scipy/sparse/linalg/_isolve/minres.py,206,44,0,80,16,78%
scipy/sparse/linalg/_isolve/tests/__init__.py,0,0,0,0,0,100%
scipy/sparse/linalg/_isolve/tests/demo_lgmres.py,42,42,0,6,0,0%
scipy/sparse/linalg/_isolve/tests/test_gcrotmk.py,107,2,0,32,2,97%
scipy/sparse/linalg/_isolve/tests/test_iterative.py,477,7,0,108,8,97%
scipy/sparse/linalg/_isolve/tests/test_lgmres.py,125,1,0,28,3,97%
scipy/sparse/linalg/_isolve/tests/test_lsmr.py,139,33,0,12,2,74%
scipy/sparse/linalg/_isolve/tests/test_lsqr.py,102,24,0,10,1,76%
scipy/sparse/linalg/_isolve/tests/test_minres.py,75,0,0,2,0,100%
scipy/sparse/linalg/_isolve/tests/test_utils.py,5,0,0,0,0,100%
scipy/sparse/linalg/_isolve/tfqmr.py,69,3,0,30,3,94%
scipy/sparse/linalg/_isolve/utils.py,59,7,0,32,7,85%
scipy/sparse/linalg/_matfuncs.py,355,26,0,156,24,89%
scipy/sparse/linalg/_norm.py,69,2,0,46,2,97%
scipy/sparse/linalg/_onenormest.py,200,20,0,95,12,87%
scipy/sparse/linalg/_svdp.py,109,89,0,46,0,14%
scipy/sparse/linalg/dsolve.py,14,8,0,4,0,33%
scipy/sparse/linalg/eigen.py,14,8,0,4,0,33%
scipy/sparse/linalg/interface.py,10,5,0,2,0,42%
scipy/sparse/linalg/isolve.py,10,5,0,2,0,42%
scipy/sparse/linalg/matfuncs.py,10,5,0,2,0,42%
scipy/sparse/linalg/tests/__init__.py,0,0,0,0,0,100%
scipy/sparse/linalg/tests/test_expm_multiply.py,191,2,0,58,1,99%
scipy/sparse/linalg/tests/test_interface.py,294,1,0,72,1,99%
scipy/sparse/linalg/tests/test_matfuncs.py,276,2,0,56,2,99%
scipy/sparse/linalg/tests/test_norm.py,83,0,0,32,0,100%
scipy/sparse/linalg/tests/test_onenormest.py,172,110,0,20,0,38%
scipy/sparse/linalg/tests/test_propack.py,112,72,0,28,2,33%
scipy/sparse/linalg/tests/test_pydata_sparse.py,150,113,0,2,0,24%
scipy/sparse/sparsetools.py,10,5,0,2,0,42%
scipy/sparse/spfuncs.py,10,5,0,2,0,42%
scipy/sparse/sputils.py,10,5,0,2,0,42%
scipy/sparse/tests/__init__.py,0,0,0,0,0,100%
scipy/sparse/tests/test_array_api.py,177,1,0,42,1,99%
scipy/sparse/tests/test_base.py,3327,35,0,666,20,99%
scipy/sparse/tests/test_construct.py,351,12,0,70,0,97%
scipy/sparse/tests/test_csc.py,56,0,0,12,1,99%
scipy/sparse/tests/test_csr.py,74,0,0,14,1,99%
scipy/sparse/tests/test_extract.py,21,3,0,12,0,85%
scipy/sparse/tests/test_matrix_io.py,56,0,0,4,0,100%
scipy/sparse/tests/test_sparsetools.py,200,106,0,30,0,53%
scipy/sparse/tests/test_spfuncs.py,77,0,0,18,0,100%
scipy/sparse/tests/test_sputils.py,112,0,0,6,0,100%
scipy/spatial/__init__.py,14,0,0,2,0,100%
scipy/spatial/_geometric_slerp.py,52,1,0,26,1,97%
scipy/spatial/_kdtree.py,152,11,0,52,4,92%
scipy/spatial/_plotutils.py,77,9,0,24,7,84%
scipy/spatial/_procrustes.py,24,0,0,8,0,100%
scipy/spatial/_spherical_voronoi.py,81,0,0,26,0,100%
scipy/spatial/ckdtree.py,10,5,0,2,0,42%
scipy/spatial/distance.py,654,43,0,256,34,90%
scipy/spatial/kdtree.py,10,5,0,2,0,42%
scipy/spatial/qhull.py,10,5,0,2,0,42%
scipy/spatial/tests/__init__.py,0,0,0,0,0,100%
scipy/spatial/tests/test__plotutils.py,40,2,0,8,0,96%
scipy/spatial/tests/test__procrustes.py,40,0,0,2,0,100%
scipy/spatial/tests/test_distance.py,1493,196,0,334,38,85%
scipy/spatial/tests/test_hausdorff.py,86,7,0,6,0,92%
scipy/spatial/tests/test_kdtree.py,1061,14,0,224,8,98%
scipy/spatial/tests/test_qhull.py,543,25,0,132,5,95%
scipy/spatial/tests/test_slerp.py,127,0,0,32,0,100%
scipy/spatial/tests/test_spherical_voronoi.py,234,1,0,48,2,99%
scipy/spatial/transform/__init__.py,7,0,0,0,0,100%
scipy/spatial/transform/_rotation_groups.py,56,1,0,20,1,97%
scipy/spatial/transform/_rotation_spline.py,178,2,0,30,2,98%
scipy/spatial/transform/rotation.py,10,5,0,2,0,42%
scipy/spatial/transform/tests/__init__.py,0,0,0,0,0,100%
scipy/spatial/transform/tests/test_rotation.py,720,0,0,92,0,100%
scipy/spatial/transform/tests/test_rotation_groups.py,101,0,0,24,0,100%
scipy/spatial/transform/tests/test_rotation_spline.py,102,0,0,0,0,100%
scipy/special/__init__.py,17,0,0,0,0,100%
scipy/special/_add_newdocs.py,269,1,0,0,0,99%
scipy/special/_basic.py,523,129,0,256,86,69%
scipy/special/_ellip_harm.py,15,0,0,4,0,100%
scipy/special/_generate_pyx.py,750,750,0,334,0,0%
scipy/special/_lambertw.py,3,0,0,0,0,100%
scipy/special/_logsumexp.py,47,1,0,24,2,96%
scipy/special/_mptestutils.py,287,133,0,104,27,54%
scipy/special/_orthogonal.py,520,23,0,262,22,94%
scipy/special/_precompute/__init__.py,0,0,0,0,0,100%
scipy/special/_precompute/cosine_cdf.py,10,10,0,4,0,0%
scipy/special/_precompute/expn_asy.py,31,22,0,14,1,22%
scipy/special/_precompute/gammainc_asy.py,66,42,0,30,1,32%
scipy/special/_precompute/gammainc_data.py,63,43,0,14,1,30%
scipy/special/_precompute/hyp2f1_data.py,104,104,0,46,0,0%
scipy/special/_precompute/lambertw.py,48,48,0,12,0,0%
scipy/special/_precompute/loggamma.py,30,30,0,14,0,0%
scipy/special/_precompute/struve_convergence.py,58,58,0,8,0,0%
scipy/special/_precompute/utils.py,20,13,0,8,0,25%
scipy/special/_precompute/wright_bessel.py,178,178,0,56,0,0%
scipy/special/_precompute/wright_bessel_data.py,82,82,0,18,0,0%
scipy/special/_precompute/wrightomega.py,29,29,0,10,0,0%
scipy/special/_precompute/zetac.py,19,19,0,8,0,0%
scipy/special/_sf_error.py,6,0,0,4,0,100%
scipy/special/_spfun_stats.py,13,1,0,6,1,89%
scipy/special/_spherical_bessel.py,17,0,0,8,0,100%
scipy/special/_testutils.py,180,25,0,88,10,85%
scipy/special/add_newdocs.py,10,5,0,2,0,42%
scipy/special/basic.py,10,5,0,2,0,42%
scipy/special/orthogonal.py,13,5,0,2,0,53%
scipy/special/sf_error.py,10,5,0,2,0,42%
scipy/special/specfun.py,10,5,0,2,0,42%
scipy/special/spfun_stats.py,10,5,0,2,0,42%
scipy/special/tests/__init__.py,0,0,0,0,0,100%
scipy/special/tests/test_basic.py,2164,37,0,244,3,98%
scipy/special/tests/test_bdtr.py,77,0,0,12,0,100%
scipy/special/tests/test_boxcox.py,65,0,0,0,0,100%
scipy/special/tests/test_cdflib.py,194,125,0,73,0,32%
scipy/special/tests/test_cdft_asymptotic.py,25,0,0,0,0,100%
scipy/special/tests/test_cosine_distr.py,22,0,0,0,0,100%
scipy/special/tests/test_cython_special.py,58,1,0,38,1,98%
scipy/special/tests/test_data.py,128,3,0,6,0,98%
scipy/special/tests/test_digamma.py,19,0,0,0,0,100%
scipy/special/tests/test_ellip_harm.py,170,0,0,26,1,99%
scipy/special/tests/test_erfinv.py,20,0,0,2,0,100%
scipy/special/tests/test_exponential_integrals.py,29,0,0,6,0,100%
scipy/special/tests/test_faddeeva.py,25,0,0,2,0,100%
scipy/special/tests/test_gamma.py,8,0,0,2,0,100%
scipy/special/tests/test_gammainc.py,75,0,0,10,0,100%
scipy/special/tests/test_hyp2f1.py,83,17,0,16,0,71%
scipy/special/tests/test_hypergeometric.py,40,0,0,4,0,100%
scipy/special/tests/test_kolmogorov.py,235,0,0,22,0,100%
scipy/special/tests/test_lambertw.py,27,0,0,2,0,100%
scipy/special/tests/test_log_softmax.py,48,0,0,0,0,100%
scipy/special/tests/test_loggamma.py,44,0,0,4,0,100%
scipy/special/tests/test_logit.py,62,0,0,14,0,100%
scipy/special/tests/test_logsumexp.py,102,0,0,0,0,100%
scipy/special/tests/test_mpmath.py,960,544,0,380,1,38%
scipy/special/tests/test_nan_inputs.py,43,4,0,15,2,90%
scipy/special/tests/test_ndtr.py,13,0,0,2,0,100%
scipy/special/tests/test_ndtri_exp.py,29,0,0,8,0,100%
scipy/special/tests/test_orthogonal.py,555,80,0,64,2,86%
scipy/special/tests/test_orthogonal_eval.py,156,0,0,34,0,100%
scipy/special/tests/test_owens_t.py,27,0,0,0,0,100%
scipy/special/tests/test_pcf.py,11,0,0,2,0,100%
scipy/special/tests/test_pdtr.py,37,0,0,4,0,100%
scipy/special/tests/test_precompute_expn_asy.py,15,6,0,2,0,53%
scipy/special/tests/test_precompute_gammainc.py,45,13,0,16,0,59%
scipy/special/tests/test_precompute_utils.py,30,12,0,10,0,50%
scipy/special/tests/test_round.py,11,0,0,0,0,100%
scipy/special/tests/test_sf_error.py,70,0,0,38,0,100%
scipy/special/tests/test_sici.py,19,0,0,0,0,100%
scipy/special/tests/test_spence.py,13,0,0,0,0,100%
scipy/special/tests/test_spfun_stats.py,28,0,0,6,0,100%
scipy/special/tests/test_sph_harm.py,20,0,0,2,0,100%
scipy/special/tests/test_spherical_bessel.py,227,12,0,28,0,95%
scipy/special/tests/test_trig.py,44,0,0,6,0,100%
scipy/special/tests/test_wright_bessel.py,31,0,0,4,0,100%
scipy/special/tests/test_wrightomega.py,55,0,0,8,0,100%
scipy/special/tests/test_zeta.py,26,0,0,0,0,100%
scipy/stats/__init__.py,23,0,0,2,0,100%
scipy/stats/_axis_nan_policy.py,153,4,0,87,4,97%
scipy/stats/_binned_statistic.py,186,9,0,86,8,94%
scipy/stats/_binomtest.py,120,8,0,70,3,93%
scipy/stats/_boost/__init__.py,4,0,0,0,0,100%
scipy/stats/_bootstrap.py,155,1,0,54,2,99%
scipy/stats/_common.py,3,0,0,0,0,100%
scipy/stats/_constants.py,9,0,0,0,0,100%
scipy/stats/_continuous_distns.py,3556,279,0,942,91,90%
scipy/stats/_crosstab.py,37,0,0,23,0,100%
scipy/stats/_discrete_distns.py,595,1,0,90,2,99%
scipy/stats/_distn_infrastructure.py,1494,78,0,537,42,94%
scipy/stats/_distr_params.py,5,0,0,0,0,100%
scipy/stats/_entropy.py,88,1,0,22,1,98%
scipy/stats/_generate_pyx.py,27,27,0,12,0,0%
scipy/stats/_hypotests.py,575,36,0,226,11,93%
scipy/stats/_hypotests_pythran.py,53,53,0,22,0,0%
scipy/stats/_kde.py,180,25,0,64,15,82%
scipy/stats/_ksstats.py,308,33,0,134,22,87%
scipy/stats/_mannwhitneyu.py,117,2,0,42,3,97%
scipy/stats/_morestats.py,873,50,0,397,25,94%
scipy/stats/_mstats_basic.py,971,98,0,396,60,86%
scipy/stats/_mstats_extras.py,157,33,0,42,7,75%
scipy/stats/_multivariate.py,1254,66,0,422,54,92%
scipy/stats/_page_trend_test.py,96,1,0,38,1,99%
scipy/stats/_qmc.py,390,11,0,144,5,97%
scipy/stats/_relative_risk.py,57,3,0,22,3,92%
scipy/stats/_result_classes.py,5,5,0,0,0,0%
scipy/stats/_rvs_sampling.py,41,9,0,12,2,79%
scipy/stats/_stats_mstats_common.py,113,9,0,46,7,90%
scipy/stats/_stats_py.py,1887,96,0,859,76,94%
scipy/stats/_tukeylambda_stats.py,53,0,0,8,0,100%
scipy/stats/_unuran/__init__.py,0,0,0,0,0,100%
scipy/stats/_variation.py,65,1,0,24,2,97%
scipy/stats/_wilcoxon_data.py,29,24,0,12,0,12%
scipy/stats/biasedurn.py,10,5,0,2,0,42%
scipy/stats/contingency.py,58,0,0,24,0,100%
scipy/stats/distributions.py,9,0,0,0,0,100%
scipy/stats/kde.py,10,5,0,2,0,42%
scipy/stats/morestats.py,10,5,0,2,0,42%
scipy/stats/mstats.py,3,0,0,0,0,100%
scipy/stats/mstats_basic.py,10,5,0,2,0,42%
scipy/stats/mstats_extras.py,10,5,0,2,0,42%
scipy/stats/mvn.py,10,5,0,2,0,42%
scipy/stats/qmc.py,2,0,0,0,0,100%
scipy/stats/sampling.py,1,0,0,0,0,100%
scipy/stats/statlib.py,10,5,0,2,0,42%
scipy/stats/stats.py,10,5,0,2,0,42%
scipy/stats/tests/__init__.py,0,0,0,0,0,100%
scipy/stats/tests/common_tests.py,198,6,0,74,8,94%
scipy/stats/tests/studentized_range_mpmath_ref.py,111,111,0,18,0,0%
scipy/stats/tests/test_axis_nan_policy.py,284,70,0,170,15,71%
scipy/stats/tests/test_binned_statistic.py,375,0,0,24,0,100%
scipy/stats/tests/test_bootstrap.py,276,4,0,52,1,98%
scipy/stats/tests/test_contingency.py,96,0,0,0,0,100%
scipy/stats/tests/test_continuous_basic.py,442,30,0,102,4,92%
scipy/stats/tests/test_crosstab.py,77,0,0,14,0,100%
scipy/stats/tests/test_discrete_basic.py,192,0,0,42,2,99%
scipy/stats/tests/test_discrete_distns.py,309,0,0,14,0,100%
scipy/stats/tests/test_distributions.py,3409,117,0,484,5,96%
scipy/stats/tests/test_entropy.py,157,0,0,16,0,100%
scipy/stats/tests/test_fit.py,61,27,0,16,0,49%
scipy/stats/tests/test_hypotests.py,1073,74,0,137,0,94%
scipy/stats/tests/test_kdeoth.py,304,51,0,19,1,83%
scipy/stats/tests/test_morestats.py,1414,2,0,180,0,99%
scipy/stats/tests/test_mstats_basic.py,1239,18,0,196,0,98%
scipy/stats/tests/test_mstats_extras.py,67,0,0,2,0,100%
scipy/stats/tests/test_multivariate.py,1237,13,0,146,0,99%
scipy/stats/tests/test_qmc.py,693,0,0,134,0,100%
scipy/stats/tests/test_rank.py,149,0,0,20,0,100%
scipy/stats/tests/test_relative_risk.py,46,0,0,4,0,100%
scipy/stats/tests/test_sampling.py,746,45,0,242,9,93%
scipy/stats/tests/test_stats.py,4322,180,0,518,4,96%
scipy/stats/tests/test_tukeylambda_stats.py,42,0,0,2,0,100%
scipy/stats/tests/test_variation.py,94,0,0,8,0,100%
scipy/version.py,8,1,0,2,1,80%
Total,151458,12567,0,42121,3569,90%
