Test File Path,Test File,Date Added,Modification Count,Number of People Involved
Lib\tests\test_misc.py,test_misc.py,2001-03-21 04:18:37+00:00,23,23
Lib\tests\test_limits.py,test_limits.py,2001-06-09 05:11:49+00:00,9,9
Lib\linalg\tests\test_fblas.py,test_fblas.py,2001-06-12 09:53:15+00:00,31,31
Lib\special\tests\test_cephes.py,test_cephes.py,2001-06-20 05:29:41+00:00,5,5
Lib\stats\tests\test_new_stats.py,test_new_stats.py,2001-07-17 21:04:48+00:00,6,6
Lib\gui_thread\tests\test_gui_thread.py,test_gui_thread.py,2001-10-14 21:58:59+00:00,10,10
Lib\tests\test_basic.py,test_basic.py,2001-11-17 09:26:16+00:00,19,19
Lib\tests\test_handy.py,test_handy.py,2001-11-28 01:04:56+00:00,12,12
Lib\tests\test_basic1a.py,test_basic1a.py,2001-11-28 07:05:03+00:00,14,14
Lib\stats\tests\test_stats.py,test_stats.py,2002-01-20 11:19:15+00:00,46,46
Lib\tests\test_function_base.py,test_function_base.py,2002-04-03 13:56:25+00:00,1,1
Lib\tests\test_index_tricks.py,test_index_tricks.py,2002-04-03 13:56:25+00:00,1,1
Lib\tests\test_matrix_base.py,test_matrix_base.py,2002-04-03 13:56:25+00:00,1,1
Lib\tests\test_shape_base.py,test_shape_base.py,2002-04-03 13:56:25+00:00,1,1
Lib\tests\test_type_check.py,test_type_check.py,2002-04-03 13:56:25+00:00,2,2
Lib\linalg\tests\test_basic.py,test_basic.py,2002-04-07 15:03:50+00:00,35,35
Lib\linalg\tests\test_blas.py,test_blas.py,2002-04-07 15:03:50+00:00,17,17
Lib\linalg\tests\test_decomp.py,test_decomp.py,2002-04-07 15:03:50+00:00,35,35
Lib\tests\test_common.py,test_common.py,2002-04-10 03:50:29+00:00,12,12
Lib\optimize\tests\test_zeros.py,test_zeros.py,2002-04-15 02:55:19+00:00,13,13
Lib\stats\tests\test_distributions.py,test_distributions.py,2002-04-17 16:43:23+00:00,26,26
Lib\stats\tests\test_morestats.py,test_morestats.py,2002-08-09 16:30:53+00:00,23,23
Lib\linalg\tests\test_lapack.py,test_lapack.py,2002-09-20 22:30:22+00:00,14,14
Lib\fftpack\tests\test_basic.py,test_basic.py,2002-11-15 14:01:22+00:00,16,16
Lib\fftpack\tests\test_helper.py,test_helper.py,2002-11-15 14:01:22+00:00,6,6
Lib\fftpack\tests\test_pseudo_diffs.py,test_pseudo_diffs.py,2002-11-15 14:01:22+00:00,8,8
Lib\special\tests\test_special.py,test_special.py,2002-12-17 17:52:29+00:00,4,4
Lib\io\tests\test_array_import.py,test_array_import.py,2003-01-31 18:43:02+00:00,14,14
Lib\signal\tests\test_signaltools.py,test_signaltools.py,2003-02-05 07:33:20+00:00,13,13
Lib\special\tests\test_basic.py,test_basic.py,2003-03-10 16:46:26+00:00,48,48
Lib\interpolate\tests\test_fitpack.py,test_fitpack.py,2003-06-12 14:55:00+00:00,9,9
Lib\linalg\tests\test_matfuncs.py,test_matfuncs.py,2003-09-24 14:11:11+00:00,14,14
Lib\xxx\tests\test_foo.py,test_foo.py,2003-10-22 16:08:09+00:00,1,1
Lib\xxx\yyy\tests\test_yyy.py,test_yyy.py,2003-10-22 16:08:09+00:00,1,1
Lib\linalg\tests\test_atlas_version.py,test_atlas_version.py,2003-10-23 20:59:47+00:00,4,4
Lib\optimize\tests\test_cobyla.py,test_cobyla.py,2004-04-19 21:30:04+00:00,9,9
Lib\sparse\tests\test_Sparse.py,test_Sparse.py,2004-04-30 10:30:25+00:00,7,7
Lib\io\tests\test_mmio.py,test_mmio.py,2004-10-05 13:54:19+00:00,10,10
Lib\lib\lapack\tests\test_lapack.py,test_lapack.py,2004-11-19 13:43:14+00:00,11,11
Lib\lib\blas\tests\test_blas.py,test_blas.py,2004-11-26 13:35:43+00:00,10,10
Lib\lib\blas\tests\test_fblas.py,test_fblas.py,2004-11-26 13:35:43+00:00,10,10
Lib\sandbox\exmplpackage\tests\test_foo.py,test_foo.py,2005-10-05 09:14:46+00:00,3,3
Lib\sandbox\exmplpackage\yyy\tests\test_yyy.py,test_yyy.py,2005-10-05 09:14:46+00:00,4,4
Lib\sandbox\newsparse\examples\poisson_test_eig.py,poisson_test_eig.py,2005-10-23 17:06:39+00:00,2,2
Lib\sandbox\newsparse\tests\test_sparray.py,test_sparray.py,2005-10-23 17:06:39+00:00,1,1
Lib\sandbox\newsparse\tests\test_spmatrix.py,test_spmatrix.py,2005-10-23 17:06:39+00:00,2,2
Lib\sandbox\newsparse\tests\test_superlu.py,test_superlu.py,2005-10-23 17:06:39+00:00,2,2
Lib\sparse\tests\test_sparse.py,test_sparse.py,2005-10-24 15:19:05+00:00,42,42
Lib\sandbox\pysparse\examples\poisson_test_eig.py,poisson_test_eig.py,2005-10-25 12:46:35+00:00,1,1
Lib\sandbox\pysparse\tests\test_sparray.py,test_sparray.py,2005-10-25 12:46:35+00:00,2,2
Lib\sandbox\pysparse\tests\test_spmatrix.py,test_spmatrix.py,2005-10-25 12:46:35+00:00,4,4
Lib\sandbox\pysparse\tests\test_superlu.py,test_superlu.py,2005-10-25 12:46:35+00:00,3,3
Lib\sandbox\arraysetops\tests\test_arraysetops.py,test_arraysetops.py,2005-11-03 12:12:04+00:00,3,3
Lib\sandbox\delaunay\tests\test_triangulate.py,test_triangulate.py,2005-11-06 08:00:56+00:00,3,3
Lib\optimize\tests\test_optimize.py,test_optimize.py,2005-11-08 17:25:53+00:00,14,14
Lib\integrate\tests\test_integrate.py,test_integrate.py,2005-11-16 23:01:18+00:00,7,7
Lib\integrate\tests\test_quadpack.py,test_quadpack.py,2005-11-29 22:52:21+00:00,4,4
Lib\sandbox\maxent\tests\test_maxent.py,test_maxent.py,2005-11-30 16:21:37+00:00,4,4
Lib\sandbox\umfpack\test_umfpack.py,test_umfpack.py,2005-12-06 13:14:31+00:00,4,4
Lib\sandbox\montecarlo\tests\test_intsampler.py,test_intsampler.py,2005-12-28 21:26:29+00:00,7,7
Lib\weave\tests\test_ast_tools.py,test_ast_tools.py,2006-01-02 08:28:51+00:00,4,4
Lib\weave\tests\test_blitz_tools.py,test_blitz_tools.py,2006-01-02 08:28:51+00:00,7,7
Lib\weave\tests\test_build_tools.py,test_build_tools.py,2006-01-02 08:28:51+00:00,4,4
Lib\weave\tests\test_c_spec.py,test_c_spec.py,2006-01-02 08:28:51+00:00,4,4
Lib\weave\tests\test_catalog.py,test_catalog.py,2006-01-02 08:28:51+00:00,4,4
Lib\weave\tests\test_ext_tools.py,test_ext_tools.py,2006-01-02 08:28:51+00:00,4,4
Lib\weave\tests\test_inline_tools.py,test_inline_tools.py,2006-01-02 08:28:51+00:00,4,4
Lib\weave\tests\test_scxx.py,test_scxx.py,2006-01-02 08:28:51+00:00,4,4
Lib\weave\tests\test_scxx_dict.py,test_scxx_dict.py,2006-01-02 08:28:51+00:00,4,4
Lib\weave\tests\test_scxx_object.py,test_scxx_object.py,2006-01-02 08:28:51+00:00,5,5
Lib\weave\tests\test_scxx_sequence.py,test_scxx_sequence.py,2006-01-02 08:28:51+00:00,5,5
Lib\weave\tests\test_size_check.py,test_size_check.py,2006-01-02 08:28:51+00:00,8,8
Lib\weave\tests\test_slice_handler.py,test_slice_handler.py,2006-01-02 08:28:51+00:00,4,4
Lib\weave\tests\test_standard_array_spec.py,test_standard_array_spec.py,2006-01-02 08:28:51+00:00,4,4
Lib\weave\tests\test_wx_spec.py,test_wx_spec.py,2006-01-02 08:28:51+00:00,4,4
Lib\weave\tests\weave_test_utils.py,weave_test_utils.py,2006-01-02 08:28:51+00:00,3,3
Lib\maxent\tests\test_maxent.py,test_maxent.py,2006-01-15 17:42:54+00:00,1,1
Lib\montecarlo\tests\test_intsampler.py,test_intsampler.py,2006-01-15 17:43:58+00:00,1,1
Lib\sandbox\montecarlo\tests\test_dictsampler.py,test_dictsampler.py,2006-01-18 08:01:34+00:00,5,5
Lib\maxentropy\tests\test_maxentropy.py,test_maxentropy.py,2006-01-21 21:21:39+00:00,4,4
Lib\sandbox\numexpr\tests\test_numexpr.py,test_numexpr.py,2006-03-02 21:26:44+00:00,27,27
Lib\ndimage\tests\test_ndimage.py,test_ndimage.py,2006-03-18 14:43:08+00:00,10,10
Lib\sandbox\fdfpack\tests\test_fdf.py,test_fdf.py,2006-03-20 17:31:48+00:00,1,1
Lib\linsolve\umfpack\test_umfpack.py,test_umfpack.py,2006-03-29 13:03:36+00:00,1,1
Lib\linsolve\umfpack\tests\test_umfpack.py,test_umfpack.py,2006-03-29 13:03:36+00:00,11,11
Lib\linsolve\umfpack\tests\test_umfpack2.py,test_umfpack2.py,2006-04-02 18:27:32+00:00,1,1
Lib\sandbox\models\lib\models\tests\test_formula.py,test_formula.py,2006-04-20 21:56:18+00:00,2,2
Lib\sandbox\models\lib\models\tests\test_glm.py,test_glm.py,2006-04-20 21:56:18+00:00,3,3
Lib\sandbox\models\lib\models\tests\test_regression.py,test_regression.py,2006-04-20 21:56:18+00:00,2,2
Lib\sandbox\models\lib\models\tests\test_robust.py,test_robust.py,2006-04-20 21:56:18+00:00,3,3
Lib\sandbox\models\lib\models\tests\test_utils.py,test_utils.py,2006-04-20 21:56:18+00:00,2,2
Lib\sandbox\models\tests\test_formula.py,test_formula.py,2006-04-24 00:10:36+00:00,15,15
Lib\sandbox\models\tests\test_glm.py,test_glm.py,2006-04-24 00:10:36+00:00,7,7
Lib\sandbox\models\tests\test_regression.py,test_regression.py,2006-04-24 00:10:36+00:00,8,8
Lib\sandbox\models\tests\test_robust.py,test_robust.py,2006-04-24 00:10:36+00:00,4,4
Lib\sandbox\models\tests\test_utils.py,test_utils.py,2006-04-24 00:10:36+00:00,9,9
Lib\sandbox\newoptimize\test_optimize.py,test_optimize.py,2006-04-28 14:31:35+00:00,1,1
Lib\sandbox\svm\tests\test_classification.py,test_classification.py,2006-06-06 13:27:13+00:00,20,20
Lib\sandbox\svm\tests\test_libsvm.py,test_libsvm.py,2006-06-06 13:27:13+00:00,4,4
Lib\sandbox\svm\tests\test_oneclass.py,test_oneclass.py,2006-06-06 13:27:13+00:00,11,11
Lib\sandbox\svm\tests\test_regression.py,test_regression.py,2006-06-06 13:27:13+00:00,24,24
Lib\sandbox\svm\tests\test_utils.py,test_utils.py,2006-06-06 13:27:13+00:00,1,1
Lib\integrate\tests\test_quadrature.py,test_quadrature.py,2006-06-10 03:05:09+00:00,4,4
Lib\interpolate\tests\test_interpolate.py,test_interpolate.py,2006-06-14 19:18:31+00:00,5,5
Lib\sandbox\buildgrid\test_build_grid.py,test_build_grid.py,2006-06-27 03:47:01+00:00,1,1
Lib\sandbox\svm\tests\test_dataset.py,test_dataset.py,2006-07-07 01:02:56+00:00,11,11
Lib\sandbox\svm\tests\test_kernel.py,test_kernel.py,2006-07-07 02:00:33+00:00,4,4
Lib\sandbox\svm\tests\test_all.py,test_all.py,2006-07-10 20:39:54+00:00,5,5
Lib\sandbox\svm\tests\test_precomputed.py,test_precomputed.py,2006-07-14 21:55:34+00:00,6,6
Lib\sandbox\svm\tests\test_speed.py,test_speed.py,2006-08-03 15:14:19+00:00,3,3
Lib\io\tests\test_mio.py,test_mio.py,2006-08-12 21:37:25+00:00,9,9
Lib\sandbox\odr\tests\test_odrpack.py,test_odrpack.py,2006-09-21 04:24:53+00:00,2,2
Lib\sandbox\pyem\pyem\tests\test_densities.py,test_densities.py,2006-10-12 13:47:57+00:00,2,2
Lib\sandbox\pyem\pyem\tests\test_kmean.py,test_kmean.py,2006-10-12 13:48:08+00:00,1,1
Lib\sandbox\pyem\tests\test_densities.py,test_densities.py,2006-10-12 13:48:58+00:00,12,12
Lib\sandbox\pyem\tests\test_kmean.py,test_kmean.py,2006-10-12 13:48:58+00:00,1,1
Lib\sandbox\spline\tests\test_fitpack.py,test_fitpack.py,2006-10-18 19:27:50+00:00,5,5
Lib\sandbox\spline\tests\test_interpolate.py,test_interpolate.py,2006-10-18 19:27:50+00:00,2,2
Lib\sandbox\pyem\tests\generate_test_data.py,generate_test_data.py,2006-10-20 04:01:05+00:00,1,1
Lib\sandbox\pyem\tests\test_gmm_em.py,test_gmm_em.py,2006-10-20 04:01:05+00:00,12,12
Lib\sandbox\pyem\tests\test_online_em.py,test_online_em.py,2006-10-20 04:01:05+00:00,5,5
Lib\cluster\tests\test_vq.py,test_vq.py,2006-10-23 07:39:07+00:00,9,9
Lib\sandbox\pyem\test_reg.py,test_reg.py,2006-11-16 05:41:35+00:00,1,1
Lib\sandbox\pyem\tests\test_examples.py,test_examples.py,2006-11-16 12:26:52+00:00,3,3
Lib\sandbox\arpack\tests\test_arpack.py,test_arpack.py,2006-11-18 02:09:53+00:00,3,3
Lib\sandbox\arpack\tests\test_speigs.py,test_speigs.py,2006-11-18 02:09:53+00:00,3,3
Lib\odr\tests\test_odrpack.py,test_odrpack.py,2006-11-26 05:06:00+00:00,3,3
Lib\sandbox\cdavid\tests\test_autocorr.py,test_autocorr.py,2006-11-28 08:04:47+00:00,6,6
Lib\sandbox\cdavid\tests\test_lpc.py,test_lpc.py,2006-11-28 08:04:47+00:00,3,3
Lib\io\tests\test_recaster.py,test_recaster.py,2006-11-30 13:40:34+00:00,11,11
Lib\sandbox\cdavid\tests\test_segmentaxis.py,test_segmentaxis.py,2006-12-12 08:21:54+00:00,2,2
Lib\sandbox\maskedarray\tests\test_core.py,test_core.py,2006-12-15 00:59:51+00:00,18,18
Lib\sandbox\maskedarray\tests\test_extras.py,test_extras.py,2006-12-15 00:59:51+00:00,8,8
Lib\sandbox\timeseries\mtimeseries\test_date.py,test_date.py,2007-01-02 17:54:31+00:00,1,1
Lib\sandbox\timeseries\mtimeseries\test_timeseries.py,test_timeseries.py,2007-01-02 17:54:31+00:00,2,2
Lib\sandbox\maskedarray\tests\test_mrecarray.py,test_mrecarray.py,2007-01-10 17:48:37+00:00,1,1
Lib\sandbox\maskedarray\tests\test_mrecords.py,test_mrecords.py,2007-01-13 01:13:12+00:00,6,6
Lib\sandbox\models\tests\test_rlm.py,test_rlm.py,2007-01-14 14:23:43+00:00,1,1
Lib\sandbox\timeseries\tests\test_dates.py,test_dates.py,2007-01-14 22:39:15+00:00,20,20
Lib\sandbox\timeseries\tests\test_timeseries.py,test_timeseries.py,2007-01-14 22:39:15+00:00,28,28
Lib\sandbox\spline\tests\dierckx_test_data.py,dierckx_test_data.py,2007-01-15 00:23:52+00:00,2,2
Lib\sandbox\spline\tests\test_spline.py,test_spline.py,2007-01-15 00:23:52+00:00,1,1
Lib\sandbox\timeseries\tests\test_multitimeseries.py,test_multitimeseries.py,2007-01-15 10:05:13+00:00,6,6
Lib\sandbox\timeseries\tests\test_misc.py,test_misc.py,2007-01-17 20:13:48+00:00,5,5
Lib\odr\tests\test_odr.py,test_odr.py,2007-01-23 20:14:51+00:00,1,1
Lib\linalg\tests\test_iterative.py,test_iterative.py,2007-01-24 14:35:01+00:00,3,3
Lib\io\tests\test_npfile.py,test_npfile.py,2007-01-24 23:27:14+00:00,5,5
Lib\sandbox\rbf\tests\test_rbf.py,test_rbf.py,2007-02-08 12:05:18+00:00,2,2
Lib\sandbox\maskedarray\tests\test_subclassing.py,test_subclassing.py,2007-02-11 23:24:17+00:00,6,6
Lib\sandbox\timeseries\io\fame\tests\test_fame.py,test_fame.py,2007-02-15 17:52:27+00:00,8,8
Lib\sandbox\timeseries\addons\tests\test_filters.py,test_filters.py,2007-03-02 08:48:04+00:00,2,2
Lib\sandbox\timeseries\addons\tests\test_interpolate.py,test_interpolate.py,2007-03-02 08:48:04+00:00,2,2
Lib\sandbox\pyloess\tests\test_pyloess.py,test_pyloess.py,2007-03-12 19:47:15+00:00,3,3
Lib\sandbox\maskedarray\alternative_versions\test_mrecarray.py,test_mrecarray.py,2007-03-21 21:28:05+00:00,1,1
Lib\sandbox\pyloess\tests\test_mpyloess.py,test_mpyloess.py,2007-03-27 06:38:36+00:00,1,1
Lib\sandbox\maskedarray\tests\test_mstats.py,test_mstats.py,2007-03-27 19:12:29+00:00,3,3
Lib\sandbox\timeseries\lib\tests\test_filters.py,test_filters.py,2007-04-12 20:01:06+00:00,1,1
Lib\sandbox\timeseries\lib\tests\test_interpolate.py,test_interpolate.py,2007-04-12 20:01:06+00:00,2,2
Lib\sandbox\timeseries\lib\tests\test_moving_funcs.py,test_moving_funcs.py,2007-04-12 20:05:35+00:00,3,3
Lib\misc\tests\test_pilutil.py,test_pilutil.py,2007-04-16 21:54:00+00:00,2,2
Lib\optimize\tests\test_nonlin.py,test_nonlin.py,2007-05-13 16:46:21+00:00,1,1
Lib\sandbox\lobpcg\tests\test_lobpcg.py,test_lobpcg.py,2007-05-24 12:30:05+00:00,1,1
Lib\sandbox\pyem\tests\test_gauss_mix.py,test_gauss_mix.py,2007-06-09 06:42:03+00:00,4,4
Lib\sandbox\maskedarray\tests\test_morestats.py,test_morestats.py,2007-07-09 15:38:26+00:00,1,1
Lib\sandbox\multigrid\tests\test_relaxation.py,test_relaxation.py,2007-07-12 08:08:15+00:00,1,1
Lib\special\tests\test_spfun_stats.py,test_spfun_stats.py,2007-07-23 07:33:16+00:00,2,2
Lib\signal\tests\test_wavelets.py,test_wavelets.py,2007-08-11 00:08:07+00:00,2,2
scipy\cluster\tests\test_vq.py,test_vq.py,2007-08-21 22:02:33+00:00,73,73
scipy\fftpack\tests\test_basic.py,test_basic.py,2007-08-21 22:02:33+00:00,82,82
scipy\fftpack\tests\test_helper.py,test_helper.py,2007-08-21 22:02:33+00:00,24,24
scipy\fftpack\tests\test_pseudo_diffs.py,test_pseudo_diffs.py,2007-08-21 22:02:33+00:00,23,23
scipy\integrate\tests\test_integrate.py,test_integrate.py,2007-08-21 22:02:33+00:00,63,63
scipy\integrate\tests\test_quadpack.py,test_quadpack.py,2007-08-21 22:02:33+00:00,51,51
scipy\integrate\tests\test_quadrature.py,test_quadrature.py,2007-08-21 22:02:33+00:00,37,37
scipy\interpolate\tests\test_fitpack.py,test_fitpack.py,2007-08-21 22:02:33+00:00,72,72
scipy\interpolate\tests\test_interpolate.py,test_interpolate.py,2007-08-21 22:02:33+00:00,164,164
scipy\io\tests\test_array_import.py,test_array_import.py,2007-08-21 22:02:33+00:00,8,8
scipy\io\tests\test_mio.py,test_mio.py,2007-08-21 22:02:33+00:00,7,7
scipy\io\tests\test_mmio.py,test_mmio.py,2007-08-21 22:02:33+00:00,70,70
scipy\io\tests\test_npfile.py,test_npfile.py,2007-08-21 22:02:33+00:00,9,9
scipy\io\tests\test_recaster.py,test_recaster.py,2007-08-21 22:02:33+00:00,12,12
scipy\lib\blas\tests\test_blas.py,test_blas.py,2007-08-21 22:02:33+00:00,16,16
scipy\lib\blas\tests\test_fblas.py,test_fblas.py,2007-08-21 22:02:33+00:00,21,21
scipy\lib\lapack\tests\test_lapack.py,test_lapack.py,2007-08-21 22:02:33+00:00,16,16
scipy\linalg\tests\test_atlas_version.py,test_atlas_version.py,2007-08-21 22:02:33+00:00,5,5
scipy\linalg\tests\test_basic.py,test_basic.py,2007-08-21 22:02:33+00:00,129,129
scipy\linalg\tests\test_blas.py,test_blas.py,2007-08-21 22:02:33+00:00,50,50
scipy\linalg\tests\test_decomp.py,test_decomp.py,2007-08-21 22:02:33+00:00,171,171
scipy\linalg\tests\test_fblas.py,test_fblas.py,2007-08-21 22:02:33+00:00,37,37
scipy\linalg\tests\test_iterative.py,test_iterative.py,2007-08-21 22:02:33+00:00,5,5
scipy\linalg\tests\test_lapack.py,test_lapack.py,2007-08-21 22:02:33+00:00,199,199
scipy\linalg\tests\test_matfuncs.py,test_matfuncs.py,2007-08-21 22:02:33+00:00,95,95
scipy\linsolve\umfpack\tests\test_umfpack.py,test_umfpack.py,2007-08-21 22:02:33+00:00,9,9
scipy\maxentropy\tests\test_maxentropy.py,test_maxentropy.py,2007-08-21 22:02:33+00:00,8,8
scipy\misc\tests\test_pilutil.py,test_pilutil.py,2007-08-21 22:02:33+00:00,48,48
scipy\ndimage\tests\test_ndimage.py,test_ndimage.py,2007-08-21 22:02:33+00:00,102,102
scipy\odr\tests\test_odr.py,test_odr.py,2007-08-21 22:02:33+00:00,40,40
scipy\optimize\tests\test_cobyla.py,test_cobyla.py,2007-08-21 22:02:33+00:00,32,32
scipy\optimize\tests\test_nonlin.py,test_nonlin.py,2007-08-21 22:02:33+00:00,48,48
scipy\optimize\tests\test_optimize.py,test_optimize.py,2007-08-21 22:02:33+00:00,238,238
scipy\optimize\tests\test_zeros.py,test_zeros.py,2007-08-21 22:02:33+00:00,67,67
scipy\sandbox\arpack\tests\test_arpack.py,test_arpack.py,2007-08-21 22:02:33+00:00,4,4
scipy\sandbox\arpack\tests\test_speigs.py,test_speigs.py,2007-08-21 22:02:33+00:00,7,7
scipy\sandbox\arraysetops\tests\test_arraysetops.py,test_arraysetops.py,2007-08-21 22:02:33+00:00,1,1
scipy\sandbox\buildgrid\test_build_grid.py,test_build_grid.py,2007-08-21 22:02:33+00:00,2,2
scipy\sandbox\cdavid\tests\test_autocorr.py,test_autocorr.py,2007-08-21 22:02:33+00:00,6,6
scipy\sandbox\cdavid\tests\test_lpc.py,test_lpc.py,2007-08-21 22:02:33+00:00,6,6
scipy\sandbox\cdavid\tests\test_segmentaxis.py,test_segmentaxis.py,2007-08-21 22:02:33+00:00,7,7
scipy\sandbox\delaunay\tests\test_triangulate.py,test_triangulate.py,2007-08-21 22:02:33+00:00,3,3
scipy\sandbox\exmplpackage\tests\test_foo.py,test_foo.py,2007-08-21 22:02:33+00:00,14,14
scipy\sandbox\exmplpackage\yyy\tests\test_yyy.py,test_yyy.py,2007-08-21 22:02:33+00:00,4,4
scipy\sandbox\fdfpack\tests\test_fdf.py,test_fdf.py,2007-08-21 22:02:33+00:00,5,5
scipy\sandbox\lobpcg\tests\test_lobpcg.py,test_lobpcg.py,2007-08-21 22:02:33+00:00,4,4
scipy\sandbox\maskedarray\alternative_versions\test_mrecarray.py,test_mrecarray.py,2007-08-21 22:02:33+00:00,4,4
scipy\sandbox\maskedarray\tests\test_core.py,test_core.py,2007-08-21 22:02:33+00:00,11,11
scipy\sandbox\maskedarray\tests\test_extras.py,test_extras.py,2007-08-21 22:02:33+00:00,7,7
scipy\sandbox\maskedarray\tests\test_morestats.py,test_morestats.py,2007-08-21 22:02:33+00:00,7,7
scipy\sandbox\maskedarray\tests\test_mrecords.py,test_mrecords.py,2007-08-21 22:02:33+00:00,8,8
scipy\sandbox\maskedarray\tests\test_mstats.py,test_mstats.py,2007-08-21 22:02:33+00:00,6,6
scipy\sandbox\maskedarray\tests\test_subclassing.py,test_subclassing.py,2007-08-21 22:02:33+00:00,9,9
scipy\sandbox\models\tests\test_formula.py,test_formula.py,2007-08-21 22:02:33+00:00,1,1
scipy\sandbox\models\tests\test_glm.py,test_glm.py,2007-08-21 22:02:33+00:00,1,1
scipy\sandbox\models\tests\test_regression.py,test_regression.py,2007-08-21 22:02:33+00:00,1,1
scipy\sandbox\models\tests\test_rlm.py,test_rlm.py,2007-08-21 22:02:33+00:00,1,1
scipy\sandbox\models\tests\test_utils.py,test_utils.py,2007-08-21 22:02:33+00:00,1,1
scipy\sandbox\montecarlo\tests\test_dictsampler.py,test_dictsampler.py,2007-08-21 22:02:33+00:00,6,6
scipy\sandbox\montecarlo\tests\test_intsampler.py,test_intsampler.py,2007-08-21 22:02:33+00:00,6,6
scipy\sandbox\multigrid\tests\test_relaxation.py,test_relaxation.py,2007-08-21 22:02:33+00:00,9,9
scipy\sandbox\newoptimize\test_optimize.py,test_optimize.py,2007-08-21 22:02:33+00:00,1,1
scipy\sandbox\numexpr\tests\test_numexpr.py,test_numexpr.py,2007-08-21 22:02:33+00:00,6,6
scipy\sandbox\pyem\tests\test_densities.py,test_densities.py,2007-08-21 22:02:33+00:00,3,3
scipy\sandbox\pyem\tests\test_examples.py,test_examples.py,2007-08-21 22:02:33+00:00,2,2
scipy\sandbox\pyem\tests\test_gauss_mix.py,test_gauss_mix.py,2007-08-21 22:02:33+00:00,2,2
scipy\sandbox\pyem\tests\test_gmm_em.py,test_gmm_em.py,2007-08-21 22:02:33+00:00,2,2
scipy\sandbox\pyem\tests\test_online_em.py,test_online_em.py,2007-08-21 22:02:33+00:00,2,2
scipy\sandbox\pyloess\tests\test_mpyloess.py,test_mpyloess.py,2007-08-21 22:02:33+00:00,6,6
scipy\sandbox\pyloess\tests\test_pyloess.py,test_pyloess.py,2007-08-21 22:02:33+00:00,7,7
scipy\sandbox\rbf\tests\test_rbf.py,test_rbf.py,2007-08-21 22:02:33+00:00,6,6
scipy\sandbox\spline\tests\dierckx_test_data.py,dierckx_test_data.py,2007-08-21 22:02:33+00:00,2,2
scipy\sandbox\spline\tests\test_fitpack.py,test_fitpack.py,2007-08-21 22:02:33+00:00,7,7
scipy\sandbox\spline\tests\test_spline.py,test_spline.py,2007-08-21 22:02:33+00:00,7,7
scipy\sandbox\svm\tests\test_classification.py,test_classification.py,2007-08-21 22:02:33+00:00,2,2
scipy\sandbox\svm\tests\test_dataset.py,test_dataset.py,2007-08-21 22:02:33+00:00,2,2
scipy\sandbox\svm\tests\test_kernel.py,test_kernel.py,2007-08-21 22:02:33+00:00,2,2
scipy\sandbox\svm\tests\test_libsvm.py,test_libsvm.py,2007-08-21 22:02:33+00:00,2,2
scipy\sandbox\svm\tests\test_oneclass.py,test_oneclass.py,2007-08-21 22:02:33+00:00,2,2
scipy\sandbox\svm\tests\test_regression.py,test_regression.py,2007-08-21 22:02:33+00:00,2,2
scipy\sandbox\svm\tests\test_speed.py,test_speed.py,2007-08-21 22:02:33+00:00,3,3
scipy\sandbox\timeseries\io\fame\tests\test_fame.py,test_fame.py,2007-08-21 22:02:33+00:00,1,1
scipy\sandbox\timeseries\lib\tests\test_interpolate.py,test_interpolate.py,2007-08-21 22:02:33+00:00,6,6
scipy\sandbox\timeseries\lib\tests\test_moving_funcs.py,test_moving_funcs.py,2007-08-21 22:02:33+00:00,8,8
scipy\sandbox\timeseries\tests\test_dates.py,test_dates.py,2007-08-21 22:02:33+00:00,8,8
scipy\sandbox\timeseries\tests\test_multitimeseries.py,test_multitimeseries.py,2007-08-21 22:02:33+00:00,2,2
scipy\sandbox\timeseries\tests\test_timeseries.py,test_timeseries.py,2007-08-21 22:02:33+00:00,10,10
scipy\signal\tests\test_signaltools.py,test_signaltools.py,2007-08-21 22:02:33+00:00,207,207
scipy\signal\tests\test_wavelets.py,test_wavelets.py,2007-08-21 22:02:33+00:00,29,29
scipy\sparse\tests\test_sparse.py,test_sparse.py,2007-08-21 22:02:33+00:00,51,51
scipy\special\tests\test_basic.py,test_basic.py,2007-08-21 22:02:33+00:00,236,236
scipy\special\tests\test_spfun_stats.py,test_spfun_stats.py,2007-08-21 22:02:33+00:00,17,17
scipy\stats\tests\test_distributions.py,test_distributions.py,2007-08-21 22:02:33+00:00,462,462
scipy\stats\tests\test_morestats.py,test_morestats.py,2007-08-21 22:02:33+00:00,186,186
scipy\stats\tests\test_stats.py,test_stats.py,2007-08-21 22:02:33+00:00,490,490
scipy\tests\test_basic.py,test_basic.py,2007-08-21 22:02:33+00:00,2,2
scipy\tests\test_basic1a.py,test_basic1a.py,2007-08-21 22:02:33+00:00,2,2
scipy\tests\test_common.py,test_common.py,2007-08-21 22:02:33+00:00,2,2
scipy\tests\test_handy.py,test_handy.py,2007-08-21 22:02:33+00:00,2,2
scipy\tests\test_limits.py,test_limits.py,2007-08-21 22:02:33+00:00,1,1
scipy\weave\tests\test_ast_tools.py,test_ast_tools.py,2007-08-21 22:02:33+00:00,12,12
scipy\weave\tests\test_blitz_tools.py,test_blitz_tools.py,2007-08-21 22:02:33+00:00,29,29
scipy\weave\tests\test_build_tools.py,test_build_tools.py,2007-08-21 22:02:33+00:00,13,13
scipy\weave\tests\test_c_spec.py,test_c_spec.py,2007-08-21 22:02:33+00:00,35,35
scipy\weave\tests\test_catalog.py,test_catalog.py,2007-08-21 22:02:33+00:00,23,23
scipy\weave\tests\test_ext_tools.py,test_ext_tools.py,2007-08-21 22:02:33+00:00,28,28
scipy\weave\tests\test_inline_tools.py,test_inline_tools.py,2007-08-21 22:02:33+00:00,17,17
scipy\weave\tests\test_scxx.py,test_scxx.py,2007-08-21 22:02:33+00:00,4,4
scipy\weave\tests\test_scxx_dict.py,test_scxx_dict.py,2007-08-21 22:02:33+00:00,23,23
scipy\weave\tests\test_scxx_object.py,test_scxx_object.py,2007-08-21 22:02:33+00:00,29,29
scipy\weave\tests\test_scxx_sequence.py,test_scxx_sequence.py,2007-08-21 22:02:33+00:00,16,16
scipy\weave\tests\test_size_check.py,test_size_check.py,2007-08-21 22:02:33+00:00,23,23
scipy\weave\tests\test_slice_handler.py,test_slice_handler.py,2007-08-21 22:02:33+00:00,21,21
scipy\weave\tests\test_standard_array_spec.py,test_standard_array_spec.py,2007-08-21 22:02:33+00:00,15,15
scipy\weave\tests\test_wx_spec.py,test_wx_spec.py,2007-08-21 22:02:33+00:00,10,10
scipy\weave\tests\weave_test_utils.py,weave_test_utils.py,2007-08-21 22:02:33+00:00,18,18
scipy\sandbox\models\tests\test_bspline.py,test_bspline.py,2007-08-28 19:23:59+00:00,1,1
scipy\stats\models\tests\test_bspline.py,test_bspline.py,2007-08-29 18:24:04+00:00,9,9
scipy\stats\models\tests\test_formula.py,test_formula.py,2007-08-29 18:24:04+00:00,13,13
scipy\stats\models\tests\test_glm.py,test_glm.py,2007-08-29 18:24:04+00:00,7,7
scipy\stats\models\tests\test_regression.py,test_regression.py,2007-08-29 18:24:04+00:00,7,7
scipy\stats\models\tests\test_rlm.py,test_rlm.py,2007-08-29 18:24:04+00:00,6,6
scipy\stats\models\tests\test_utils.py,test_utils.py,2007-08-29 18:24:04+00:00,6,6
scipy\sandbox\timeseries\tests\test_extras.py,test_extras.py,2007-09-06 01:13:29+00:00,5,5
scipy\sandbox\multigrid\tests\test_coarsen.py,test_coarsen.py,2007-09-07 19:55:57+00:00,4,4
scipy\sandbox\multigrid\tests\test_utils.py,test_utils.py,2007-09-07 19:55:57+00:00,13,13
scipy\weave\tests\test_numpy_scalar_spec.py,test_numpy_scalar_spec.py,2007-09-08 07:46:10+00:00,29,29
scipy\io\nifti\tests\test_fileio.py,test_fileio.py,2007-09-18 20:13:48+00:00,3,3
scipy\io\nifti\tests\test_main.py,test_main.py,2007-09-18 20:13:48+00:00,2,2
scipy\io\nifti\tests\test_utils.py,test_utils.py,2007-09-18 20:13:48+00:00,3,3
scipy\sandbox\timeseries\tests\test_trecords.py,test_trecords.py,2007-09-19 00:51:14+00:00,7,7
scipy\sandbox\dhuard\test_stats.py,test_stats.py,2007-09-27 14:03:00+00:00,3,3
scipy\sandbox\dhuard\test_histogram.py,test_histogram.py,2007-09-27 18:37:13+00:00,3,3
scipy\sandbox\multigrid\tests\test_adaptive.py,test_adaptive.py,2007-09-28 02:43:06+00:00,11,11
scipy\sandbox\multigrid\tests\test_sa.py,test_sa.py,2007-10-03 21:37:54+00:00,23,23
scipy\io\nifti\tests\test_nifti.py,test_nifti.py,2007-10-04 07:33:32+00:00,2,2
scipy\stats\models\tests\test_scale.py,test_scale.py,2007-10-17 18:28:32+00:00,6,6
scipy\io\tests\test_datasource.py,test_datasource.py,2007-10-31 18:02:38+00:00,5,5
scipy\sandbox\montecarlo\examples\test_montecarlo_speed.py,test_montecarlo_speed.py,2007-11-01 11:56:59+00:00,2,2
scipy\sandbox\montecarlo\examples\test_montecarlo_speed_2.py,test_montecarlo_speed_2.py,2007-11-01 11:56:59+00:00,2,2
scipy\sandbox\montecarlo\examples\test_montecarlo_speed_3.py,test_montecarlo_speed_3.py,2007-11-01 11:56:59+00:00,2,2
scipy\sandbox\montecarlo\examples\test_montecarlo_speed_4.py,test_montecarlo_speed_4.py,2007-11-01 11:56:59+00:00,2,2
scipy\ndimage\tests\test_segmenter.py,test_segmenter.py,2007-11-07 17:53:37+00:00,2,2
scipy\ndimage\tests\test_segment.py,test_segment.py,2007-11-07 18:31:53+00:00,13,13
scipy\ndimage\segment\tests\test_segment.py,test_segment.py,2007-11-07 18:39:08+00:00,3,3
scipy\sparse\tests\test_base.py,test_base.py,2007-12-14 05:24:17+00:00,444,444
scipy\sparse\tests\test_construct.py,test_construct.py,2007-12-14 05:44:09+00:00,78,78
tests\test_array_import.py,test_array_import.py,2007-12-14 22:16:29+00:00,1,1
tests\test_datasource.py,test_datasource.py,2007-12-14 22:16:29+00:00,1,1
tests\test_mio.py,test_mio.py,2007-12-14 22:16:29+00:00,3,3
tests\test_mmio.py,test_mmio.py,2007-12-14 22:16:29+00:00,1,1
tests\test_npfile.py,test_npfile.py,2007-12-14 22:16:29+00:00,1,1
tests\test_recaster.py,test_recaster.py,2007-12-14 22:16:29+00:00,1,1
scipy\optimize\tests\test_slsqp.py,test_slsqp.py,2007-12-17 22:39:03+00:00,54,54
scipy\sparse\tests\test_sputils.py,test_sputils.py,2007-12-19 02:08:27+00:00,37,37
scipy\sparse\tests\test_spfuncs.py,test_spfuncs.py,2007-12-28 22:02:11+00:00,27,27
scipy\io\matlab\tests\test_mio.py,test_mio.py,2008-01-03 19:21:53+00:00,169,169
scipy\sandbox\dhuard\tests\test_histogram.py,test_histogram.py,2008-01-03 21:51:10+00:00,2,2
scipy\sandbox\dhuard\tests\test_stats.py,test_stats.py,2008-01-03 21:51:10+00:00,2,2
scipy\testing\examples\test_foo.py,test_foo.py,2008-01-11 19:21:45+00:00,3,3
scipy\sparse\benchmarks\test_sparse.py,test_sparse.py,2008-01-12 15:41:27+00:00,1,1
scipy\sandbox\multigrid\gallery\tests\test_elasticity.py,test_elasticity.py,2008-01-14 12:58:10+00:00,2,2
scipy\sandbox\multigrid\gallery\tests\test_poisson.py,test_poisson.py,2008-01-14 12:58:10+00:00,2,2
scipy\sandbox\multigrid\gallery\tests\test_laplacian.py,test_laplacian.py,2008-01-14 20:01:29+00:00,3,3
scipy\splinalg\isolve\tests\test_iterative.py,test_iterative.py,2008-01-25 20:00:52+00:00,5,5
scipy\splinalg\dsolve\umfpack\tests\test_umfpack.py,test_umfpack.py,2008-01-25 22:23:52+00:00,2,2
scipy\splinalg\dsolve\tests\test_linsolve.py,test_linsolve.py,2008-01-25 22:28:00+00:00,2,2
scipy\sandbox\multigrid\tests\test_rs.py,test_rs.py,2008-01-30 01:17:40+00:00,2,2
scipy\splinalg\tests\test_interface.py,test_interface.py,2008-01-31 02:44:28+00:00,2,2
scipy\splinalg\eigen\arpack\tests\test_arpack.py,test_arpack.py,2008-02-06 17:56:43+00:00,3,3
scipy\splinalg\eigen\arpack\tests\test_speigs.py,test_speigs.py,2008-02-06 17:56:43+00:00,2,2
scipy\ndimage\src\segment\tests\test_segment.py,test_segment.py,2008-02-11 23:32:11+00:00,1,1
scipy\sparse\linalg\dsolve\tests\test_linsolve.py,test_linsolve.py,2008-02-27 06:14:46+00:00,80,80
scipy\sparse\linalg\dsolve\umfpack\tests\test_umfpack.py,test_umfpack.py,2008-02-27 06:14:46+00:00,21,21
scipy\sparse\linalg\eigen\arpack\tests\test_arpack.py,test_arpack.py,2008-02-27 06:14:46+00:00,96,96
scipy\sparse\linalg\eigen\arpack\tests\test_speigs.py,test_speigs.py,2008-02-27 06:14:46+00:00,6,6
scipy\sparse\linalg\isolve\tests\test_iterative.py,test_iterative.py,2008-02-27 06:14:46+00:00,71,71
scipy\sparse\linalg\tests\test_interface.py,test_interface.py,2008-02-27 06:14:46+00:00,60,60
scipy\sparse\linalg\eigen\lobpcg\tests\test_lobpcg.py,test_lobpcg.py,2008-03-31 14:43:29+00:00,56,56
scipy\io\arff\tests\test_header.py,test_header.py,2008-04-07 19:09:50+00:00,6,6
scipy\io\arff\tests\test_data.py,test_data.py,2008-04-07 19:37:33+00:00,11,11
scipy\interpolate\tests\test_rbf.py,test_rbf.py,2008-04-08 03:04:42+00:00,30,30
scipy\stats\tests\test_mmorestats.py,test_mmorestats.py,2008-04-14 19:01:01+00:00,5,5
scipy\stats\tests\test_mstats.py,test_mstats.py,2008-04-14 19:01:01+00:00,6,6
scipy\cluster\tests\test_hierarchy.py,test_hierarchy.py,2008-04-18 02:13:12+00:00,133,133
scipy\interpolate\tests\test_polyint.py,test_polyint.py,2008-04-25 00:11:33+00:00,91,91
scipy\ndimage\tests\test_registration.py,test_registration.py,2008-06-18 22:15:03+00:00,5,5
scipy\ndimage\tests\test_regression.py,test_regression.py,2008-06-21 16:48:48+00:00,15,15
scipy\sandbox\mkufunc\test_1.py,test_1.py,2008-06-25 15:43:39+00:00,1,1
scipy\sandbox\mkufunc\test_speed.py,test_speed.py,2008-06-27 02:14:16+00:00,2,2
scipy\sandbox\mkufunc\test_mkufunc.py,test_mkufunc.py,2008-06-27 13:24:23+00:00,10,10
scipy\sandbox\mkufunc\test_funcutil.py,test_funcutil.py,2008-06-30 00:07:36+00:00,1,1
scipy\sandbox\mkufunc\test_func_hash.py,test_func_hash.py,2008-06-30 19:19:55+00:00,1,1
scipy\sandbox\mkufunc\mkufunc\test_func_hash.py,test_func_hash.py,2008-07-01 00:32:12+00:00,3,3
scipy\sandbox\mkufunc\mkufunc\test_mkufunc.py,test_mkufunc.py,2008-07-01 00:32:12+00:00,7,7
scipy\sparse\tests\test_extract.py,test_extract.py,2008-07-15 12:22:24+00:00,14,14
scipy\cluster\tests\test_distance.py,test_distance.py,2008-08-04 18:58:20+00:00,13,13
tests\test_bspline.py,test_bspline.py,2008-08-06 21:46:50+00:00,4,4
tests\test_formula.py,test_formula.py,2008-08-06 21:46:50+00:00,2,2
tests\test_glm.py,test_glm.py,2008-08-06 21:46:50+00:00,1,1
tests\test_regression.py,test_regression.py,2008-08-06 21:46:50+00:00,1,1
tests\test_rlm.py,test_rlm.py,2008-08-06 21:46:50+00:00,1,1
tests\test_scale.py,test_scale.py,2008-08-06 21:46:50+00:00,2,2
tests\test_utils.py,test_utils.py,2008-08-06 21:46:50+00:00,1,1
scipy\interpolate\tests\test_interpolate_wrapper.py,test_interpolate_wrapper.py,2008-09-05 12:55:38+00:00,16,16
scipy\optimize\tests\test_nnls.py,test_nnls.py,2008-09-29 20:13:24+00:00,11,11
scipy\spatial\tests\test_kdtree.py,test_kdtree.py,2008-09-30 23:55:21+00:00,135,135
scipy\io\matlab\tests\test_byteordercodes.py,test_byteordercodes.py,2008-10-05 04:49:23+00:00,12,12
scipy\spatial\tests\test_distance.py,test_distance.py,2008-11-03 00:26:14+00:00,131,131
scipy\signal\tests\test_waveforms.py,test_waveforms.py,2008-11-03 19:50:36+00:00,21,21
scipy\signal\tests\test_filter_design.py,test_filter_design.py,2008-11-06 11:54:13+00:00,109,109
scipy\linalg\tests\test_build.py,test_build.py,2008-11-08 07:59:17+00:00,22,22
scipy\lib\lapack\tests\test_esv.py,test_esv.py,2008-11-10 14:54:25+00:00,10,10
scipy\lib\lapack\tests\test_gesv.py,test_gesv.py,2008-11-10 14:54:44+00:00,11,11
scipy\stats\tests\test_discrete_chisquare.py,test_discrete_chisquare.py,2008-11-13 01:45:30+00:00,4,4
scipy\stats\tests\test_discrete_basic.py,test_discrete_basic.py,2008-11-13 03:51:07+00:00,100,100
scipy\stats\tests\test_continuous_basic.py,test_continuous_basic.py,2008-11-13 05:54:26+00:00,199,199
scipy\stats\tests\test_continuous_extra.py,test_continuous_extra.py,2008-11-14 15:28:34+00:00,25,25
scipy\stats\tests\test_fit.py,test_fit.py,2008-11-18 06:19:37+00:00,71,71
scipy\stats\tests\test_mstats_basic.py,test_mstats_basic.py,2008-11-22 05:26:45+00:00,150,150
scipy\stats\tests\test_mstats_extras.py,test_mstats_extras.py,2008-11-22 05:26:45+00:00,14,14
scipy\ndimage\tests\test_doccer.py,test_doccer.py,2008-12-14 11:51:37+00:00,3,3
scipy\ndimage\tests\test_filters.py,test_filters.py,2008-12-14 11:51:37+00:00,43,43
scipy\stsci\image\tests\test_average.py,test_average.py,2009-01-12 03:36:28+00:00,1,1
scipy\stsci\image\tests\test_median.py,test_median.py,2009-01-12 03:36:28+00:00,1,1
scipy\stsci\image\tests\test_minimum.py,test_minimum.py,2009-01-12 03:36:28+00:00,1,1
scipy\stsci\image\tests\test_threshold.py,test_threshold.py,2009-01-12 03:36:28+00:00,1,1
scipy\stsci\convolve\tests\test_convolve.py,test_convolve.py,2009-01-12 05:25:58+00:00,1,1
scipy\stsci\convolve\tests\test_irafframe.py,test_irafframe.py,2009-01-12 05:25:58+00:00,1,1
scipy\fftpack\tests\test_real_transforms.py,test_real_transforms.py,2009-01-13 02:00:41+00:00,46,46
scipy\optimize\tests\test_minpack.py,test_minpack.py,2009-03-22 20:22:57+00:00,77,77
scipy\stats\tests\test_kdeoth.py,test_kdeoth.py,2009-04-06 03:50:40+00:00,40,40
scipy\sparse\linalg\isolve\tests\test_lgmres.py,test_lgmres.py,2009-05-18 21:23:38+00:00,27,27
scipy\ndimage\tests\test_io.py,test_io.py,2009-05-21 21:03:54+00:00,14,14
scipy\special\tests\test_boost_data.py,test_boost_data.py,2009-08-23 04:58:54+00:00,3,3
scipy\io\tests\test_netcdf.py,test_netcdf.py,2009-09-09 00:34:00+00:00,67,67
scipy\special\tests\test_data.py,test_data.py,2009-10-24 11:49:48+00:00,66,66
scipy\special\tests\test_mpmath.py,test_mpmath.py,2009-10-24 11:49:48+00:00,174,174
scipy\special\tests\test_orthogonal.py,test_orthogonal.py,2009-10-26 22:21:38+00:00,57,57
scipy\special\tests\test_orthogonal_eval.py,test_orthogonal_eval.py,2009-10-26 22:22:55+00:00,31,31
scipy\special\tests\test_lambertw.py,test_lambertw.py,2009-11-07 15:41:35+00:00,10,10
scipy\io\matlab\tests\test_mio5_utils.py,test_mio5_utils.py,2009-11-13 07:49:45+00:00,36,36
scipy\io\matlab\tests\test_mio_utils.py,test_mio_utils.py,2009-11-13 07:53:27+00:00,21,21
scipy\io\matlab\tests\test_streams.py,test_streams.py,2009-11-13 07:54:16+00:00,33,33
scipy\io\tests\test_wavfile.py,test_wavfile.py,2009-11-14 14:31:38+00:00,35,35
scipy\optimize\tests\test_regression.py,test_regression.py,2009-12-20 22:54:28+00:00,13,13
scipy\io\matlab\tests\test_mio_funcs.py,test_mio_funcs.py,2010-01-06 23:55:21+00:00,22,22
scipy\signal\tests\test_ltisys.py,test_ltisys.py,2010-02-08 13:18:36+00:00,96,96
scipy\sparse\linalg\isolve\tests\test_lsqr.py,test_lsqr.py,2010-03-02 19:14:21+00:00,24,24
scipy\constants\tests\test_codata.py,test_codata.py,2010-03-21 21:16:09+00:00,22,22
scipy\linalg\tests\test_special_matrices.py,test_special_matrices.py,2010-03-31 01:42:00+00:00,42,42
scipy\signal\tests\test_windows.py,test_windows.py,2010-04-06 04:03:16+00:00,44,44
scipy\linalg\tests\test_decomp_cholesky.py,test_decomp_cholesky.py,2010-04-10 02:54:35+00:00,16,16
scipy\sparse\linalg\tests\test_iterative.py,test_iterative.py,2010-04-27 16:52:51+00:00,2,2
scipy\misc\tests\test_doccer.py,test_doccer.py,2010-05-08 08:46:05+00:00,12,12
scipy\constants\tests\test_constants.py,test_constants.py,2010-06-27 04:20:07+00:00,11,11
scipy\interpolate\tests\test_regression.py,test_regression.py,2010-07-18 19:21:52+00:00,10,10
scipy\io\tests\test_idlsave.py,test_idlsave.py,2010-08-18 21:23:03+00:00,2,2
scipy\spatial\tests\test_qhull.py,test_qhull.py,2010-08-31 21:55:50+00:00,89,89
scipy\interpolate\tests\test_interpnd.py,test_interpnd.py,2010-08-31 21:57:20+00:00,26,26
scipy\interpolate\tests\test_griddatand.py,test_griddatand.py,2010-08-31 21:58:55+00:00,2,2
scipy\optimize\tests\test_linesearch.py,test_linesearch.py,2010-09-04 20:54:05+00:00,27,27
scipy\interpolate\tests\test_ndgriddata.py,test_ndgriddata.py,2010-09-06 18:54:23+00:00,20,20
scipy\io\tests\test_idl.py,test_idl.py,2010-09-12 01:03:43+00:00,24,24
scipy\sparse\linalg\isolve\tests\test_utils.py,test_utils.py,2010-09-12 03:14:32+00:00,4,4
scipy\io\arff\tests\test_arffread.py,test_arffread.py,2010-09-12 17:21:12+00:00,39,39
scipy\ndimage\tests\test_measurements.py,test_measurements.py,2010-10-14 15:38:36+00:00,36,36
scipy\io\matlab\tests\test_pathological.py,test_pathological.py,2010-11-12 00:56:28+00:00,12,12
scipy\signal\tests\test_fir_filter_design.py,test_fir_filter_design.py,2010-11-13 17:19:02+00:00,43,43
scipy\signal\tests\test_spectral.py,test_spectral.py,2011-02-13 04:48:40+00:00,61,61
scipy\misc\tests\test_common.py,test_common.py,2011-02-16 23:43:54+00:00,39,39
scipy\signal\tests\test_array_tools.py,test_array_tools.py,2011-06-03 07:19:45-05:00,11,11
scipy\stats\tests\test_contingency.py,test_contingency.py,2011-08-06 19:00:07-05:00,13,13
scipy\ndimage\tests\test_datatypes.py,test_datatypes.py,2011-08-26 15:14:14-07:00,11,11
scipy\signal\tests\test_cont2discrete.py,test_cont2discrete.py,2011-05-15 11:40:33+02:00,18,18
scipy\signal\tests\test_dltisys.py,test_dltisys.py,2011-05-15 11:41:22+02:00,32,32
scipy\io\harwell_boeing\tests\test_fortran_format.py,test_fortran_format.py,2011-04-03 18:03:54+09:00,11,11
scipy\io\harwell_boeing\tests\test_hb.py,test_hb.py,2011-04-03 18:03:54+09:00,14,14
scipy\special\tests\test_logit.py,test_logit.py,2011-08-02 16:04:39-05:00,21,21
scipy\optimize\tests\test_anneal.py,test_anneal.py,2011-10-31 15:22:01-04:00,18,18
scipy\stats\tests\test_tukeylambda_stats.py,test_tukeylambda_stats.py,2011-11-06 16:41:22-06:00,10,10
scipy\signal\tests\test_peak_finding.py,test_peak_finding.py,2011-09-20 22:09:30-04:00,35,35
scipy\sparse\graph\tests\test_graph_laplacian.py,test_graph_laplacian.py,2011-12-23 08:34:06-08:00,1,1
scipy\sparse\graph\tests\test_shortest_path.py,test_shortest_path.py,2011-12-23 08:34:06-08:00,1,1
scipy\sparse\csgraph\tests\test_graph_components.py,test_graph_components.py,2012-01-28 09:14:00-08:00,13,13
scipy\sparse\csgraph\tests\test_graph_laplacian.py,test_graph_laplacian.py,2012-01-28 09:14:00-08:00,23,23
scipy\sparse\csgraph\tests\test_shortest_path.py,test_shortest_path.py,2012-01-28 09:14:00-08:00,49,49
scipy\sparse\csgraph\tests\test_traversal.py,test_traversal.py,2012-02-09 07:44:45-08:00,10,10
scipy\sparse\csgraph\tests\test_spanning_tree.py,test_spanning_tree.py,2012-02-11 08:15:10-08:00,14,14
scipy\sparse\csgraph\tests\test_conversions.py,test_conversions.py,2012-02-18 07:39:34-08:00,10,10
scipy\sparse\linalg\isolve\tests\test_lsmr.py,test_lsmr.py,2011-10-31 18:29:05-07:00,34,34
scipy\interpolate\tests\test_fitpack2.py,test_fitpack2.py,2012-03-03 23:25:36+01:00,58,58
scipy\linalg\tests\test_solvers.py,test_solvers.py,2012-02-24 09:53:13-05:00,39,39
scipy\sparse\csgraph\tests\test_connected_components.py,test_connected_components.py,2012-03-31 11:42:16-07:00,11,11
scipy\optimize\tests\test__root.py,test__root.py,2012-06-09 18:47:35+02:00,10,10
scipy\stats\tests\test_rank.py,test_rank.py,2011-10-02 12:34:15-05:00,20,20
scipy\stats\tests\test_binned_statistic.py,test_binned_statistic.py,2012-03-01 18:42:00-08:00,43,43
scipy\sparse\linalg\tests\test_matfuncs.py,test_matfuncs.py,2012-08-19 13:39:12-07:00,48,48
scipy\sparse\tests\test_csr.py,test_csr.py,2012-09-14 06:43:55-07:00,15,15
scipy\sparse\tests\test_csc.py,test_csc.py,2012-09-20 06:49:07-07:00,12,12
scipy\spatial\tests\test__plotutils.py,test__plotutils.py,2012-12-08 19:31:00+02:00,13,13
scipy\optimize\tests\test__basinhopping.py,test__basinhopping.py,2012-10-07 15:42:02+01:00,52,52
scipy\signal\tests\test_savitzky_golay.py,test_savitzky_golay.py,2013-02-24 13:08:13-05:00,13,13
scipy\optimize\tests\test_tnc.py,test_tnc.py,2012-10-26 22:21:28+02:00,19,19
scipy\io\tests\test_fortran.py,test_fortran.py,2013-04-05 14:30:39-04:00,19,19
scipy\sparse\linalg\tests\test_condest.py,test_condest.py,2013-05-01 05:40:43-04:00,1,1
scipy\sparse\linalg\tests\test_onenormest.py,test_onenormest.py,2013-05-01 12:25:54-04:00,17,17
scipy\sparse\linalg\tests\test_expm_action.py,test_expm_action.py,2013-05-04 18:25:52-04:00,15,15
scipy\optimize\tests\test_trustregion.py,test_trustregion.py,2013-04-24 16:39:11-04:00,21,21
scipy\sparse\linalg\tests\test_expm_multiply.py,test_expm_multiply.py,2013-05-07 19:00:29-04:00,22,22
scipy\misc\tests\test_gcutils.py,test_gcutils.py,2013-05-19 00:25:10-07:00,1,1
scipy\lib\tests\test__gcutils.py,test__gcutils.py,2013-05-19 14:59:07+03:00,2,2
scipy\linalg\tests\test_interpolative.py,test_interpolative.py,2013-03-13 20:14:17-04:00,24,24
scipy\linalg\tests\test_decomp_polar.py,test_decomp_polar.py,2013-07-23 01:39:02-04:00,4,4
scipy\io\matlab\tests\test_miobase.py,test_miobase.py,2013-08-07 14:34:20-07:00,9,9
scipy\stats\tests\test_multivariate.py,test_multivariate.py,2013-08-06 18:18:02+01:00,86,86
scipy\optimize\tests\test_linprog.py,test_linprog.py,2013-10-10 22:15:43-04:00,196,196
scipy\optimize\benchmarks\test_functions.py,test_functions.py,2013-11-19 19:01:09+00:00,12,12
scipy\special\tests\test_boxcox.py,test_boxcox.py,2013-12-14 02:39:12-05:00,9,9
scipy\lib\tests\test__version.py,test__version.py,2013-12-24 00:03:23+01:00,4,4
scipy\sparse\tests\test_sparsetools.py,test_sparsetools.py,2014-01-14 19:41:50+02:00,33,33
scipy\optimize\tests\test__differential_evolution.py,test__differential_evolution.py,2014-03-04 16:32:26+11:00,88,88
scipy\signal\tests\test_max_len_seq.py,test_max_len_seq.py,2014-02-18 16:26:47-08:00,7,7
scipy\sparse\csgraph\tests\test_reordering.py,test_reordering.py,2014-06-21 14:07:50+09:00,16,16
scipy\linalg\tests\test_procrustes.py,test_procrustes.py,2014-07-18 14:47:54-04:00,8,8
scipy\cluster\tests\hierarchy_test_data.py,hierarchy_test_data.py,2014-08-14 12:21:08+08:00,4,4
scipy\integrate\tests\test_banded_ode_solvers.py,test_banded_ode_solvers.py,2014-04-19 11:13:25-04:00,7,7
scipy\special\tests\test_ellip_harm.py,test_ellip_harm.py,2014-06-25 08:36:07+05:18,12,12
scipy\lib\tests\test_tmpdirs.py,test_tmpdirs.py,2014-11-24 18:15:02-08:00,3,3
scipy\lib\tests\test__util.py,test__util.py,2014-12-07 17:21:50+02:00,1,1
scipy\signal\tests\test_filtfilt_gust.py,test_filtfilt_gust.py,2012-02-12 22:38:16-06:00,1,1
scipy\integrate\tests\test_odeint_jac.py,test_odeint_jac.py,2014-10-06 00:32:16-04:00,5,5
scipy\optimize\tests\test__spectral.py,test__spectral.py,2014-11-26 18:35:33+02:00,7,7
scipy\_lib\tests\test__gcutils.py,test__gcutils.py,2014-12-31 15:09:01+01:00,7,7
scipy\_lib\tests\test__util.py,test__util.py,2014-12-31 15:09:01+01:00,26,26
scipy\_lib\tests\test__version.py,test__version.py,2014-12-31 15:09:01+01:00,6,6
scipy\_lib\tests\test_tmpdirs.py,test_tmpdirs.py,2014-12-31 15:09:01+01:00,6,6
scipy\linalg\tests\test_solve_toeplitz.py,test_solve_toeplitz.py,2014-12-22 17:02:30-08:00,6,6
scipy\sparse\linalg\tests\test_norm.py,test_norm.py,2014-02-10 15:18:09-08:00,17,17
benchmarks\benchmarks\test_functions.py,test_functions.py,2015-02-07 18:36:49+02:00,7,7
scipy\spatial\tests\test_procrustes.py,test_procrustes.py,2015-02-20 14:28:47-08:00,3,3
scipy\optimize\tests\test_lbfgsb_hessinv.py,test_lbfgsb_hessinv.py,2015-02-27 17:24:20-08:00,5,5
scipy\spatial\tests\test__procrustes.py,test__procrustes.py,2015-03-11 20:35:24+01:00,8,8
scipy\linalg\tests\test_blas_pointers.py,test_blas_pointers.py,2014-11-23 01:12:11-07:00,5,5
scipy\linalg\tests\test_lapack_pointers.py,test_lapack_pointers.py,2014-11-23 01:15:22-07:00,4,4
scipy\linalg\tests\test_cython_blas.py,test_cython_blas.py,2015-02-04 17:45:26-07:00,5,5
scipy\linalg\tests\test_cython_lapack.py,test_cython_lapack.py,2015-02-04 17:45:26-07:00,6,6
scipy\linalg\tests\test_decomp_update.py,test_decomp_update.py,2014-12-05 10:41:06-05:00,32,32
scipy\interpolate\tests\test_gil.py,test_gil.py,2015-05-02 13:58:11+02:00,7,7
scipy\optimize\tests\test__numdiff.py,test__numdiff.py,2015-05-18 17:48:41+03:00,24,24
scipy\optimize\tests\test_least_squares.py,test_least_squares.py,2015-07-06 03:47:32+03:00,39,39
scipy\optimize\tests\test_lsq_utils.py,test_lsq_utils.py,2015-07-12 19:18:02+03:00,3,3
scipy\optimize\tests\test_lsq_common.py,test_lsq_common.py,2015-07-17 03:37:18+03:00,12,12
scipy\optimize\_lsq\tests\test_common.py,test_common.py,2015-08-04 12:59:27+03:00,4,4
scipy\optimize\_lsq\tests\test_least_squares.py,test_least_squares.py,2015-08-04 12:59:27+03:00,5,5
scipy\optimize\tests\test_hungarian.py,test_hungarian.py,2015-08-14 08:28:44+02:00,7,7
scipy\optimize\_lsq\tests\test_lsq_linear.py,test_lsq_linear.py,2015-08-09 20:13:31+03:00,1,1
scipy\fftpack\tests\test_import.py,test_import.py,2015-10-09 20:55:41-07:00,10,10
scipy\optimize\benchmarks\test_go_benchmark_functions.py,test_go_benchmark_functions.py,2014-10-05 15:46:04+11:00,8,8
benchmarks\benchmarks\test_go_benchmark_functions.py,test_go_benchmark_functions.py,2015-02-23 02:06:51+02:00,4,4
scipy\optimize\tests\test_lsq_linear.py,test_lsq_linear.py,2015-12-01 19:05:15+03:00,13,13
scipy\signal\tests\test_upfirdn.py,test_upfirdn.py,2015-08-27 10:52:57-04:00,12,12
scipy\spatial\tests\test_spherical_voronoi.py,test_spherical_voronoi.py,2015-08-29 20:20:11+01:00,70,70
scipy\_lib\tests\test__threadsafety.py,test__threadsafety.py,2016-02-16 20:29:16+02:00,5,5
scipy\special\tests\test_spherical_bessel.py,test_spherical_bessel.py,2015-12-21 17:16:15-05:00,8,8
scipy\special\tests\test_loggamma.py,test_loggamma.py,2016-03-05 21:36:02-06:00,6,6
scipy\integrate\tests\test_bvp.py,test_bvp.py,2016-04-03 20:05:17+05:00,21,21
scipy\special\tests\test_spence.py,test_spence.py,2016-04-09 09:47:48-05:00,4,4
scipy\special\tests\test_digamma.py,test_digamma.py,2016-04-18 21:39:15-05:00,5,5
scipy\special\_precompute\tests\test_gammainc.py,test_gammainc.py,2016-05-01 10:32:12-05:00,3,3
scipy\special\_precompute\tests\test_utils.py,test_utils.py,2016-05-01 10:32:12-05:00,3,3
scipy\special\tests\test_gammainc.py,test_gammainc.py,2016-05-01 10:32:12-05:00,8,8
scipy\special\tests\test_precompute_gammainc.py,test_precompute_gammainc.py,2016-05-07 19:01:01+02:00,18,18
scipy\special\tests\test_precompute_utils.py,test_precompute_utils.py,2016-05-07 19:01:01+02:00,15,15
scipy\_build_utils\tests\test_scipy_version.py,test_scipy_version.py,2016-06-05 17:58:51+02:00,7,7
scipy\special\tests\test_cdflib.py,test_cdflib.py,2016-06-14 23:34:45-05:00,12,12
scipy\special\tests\test_cython_special.py,test_cython_special.py,2016-05-28 16:50:10-05:00,43,43
scipy\special\tests\test_sici.py,test_sici.py,2016-07-20 10:23:39-05:00,5,5
scipy\ndimage\tests\test_c_api.py,test_c_api.py,2016-07-30 12:47:55-05:00,10,10
scipy\sparse\tests\test_matrix_io.py,test_matrix_io.py,2016-08-31 11:19:25+02:00,13,13
scipy\special\tests\test_precompute_expn_asy.py,test_precompute_expn_asy.py,2016-09-11 15:03:39-05:00,4,4
scipy\special\tests\test_errprint.py,test_errprint.py,2016-09-29 15:25:39-05:00,2,2
scipy\special\tests\test_round.py,test_round.py,2016-10-09 10:07:39-05:00,4,4
scipy\interpolate\tests\test_bsplines.py,test_bsplines.py,2013-12-23 08:15:27+00:00,66,66
scipy\special\tests\test_wrightomega.py,test_wrightomega.py,2016-10-12 19:18:59-05:00,9,9
scipy\special\tests\test_sph_harm.py,test_sph_harm.py,2016-10-31 23:19:17-05:00,2,2
scipy\special\tests\test_logsumexp.py,test_logsumexp.py,2016-11-03 21:30:57+03:00,5,5
scipy\special\tests\test_trig.py,test_trig.py,2016-11-13 16:24:53-06:00,9,9
scipy\interpolate\tests\test_pade.py,test_pade.py,2016-11-14 22:10:19+03:00,8,8
scipy\_build_utils\tests\test_circular_imports.py,test_circular_imports.py,2016-11-19 16:32:16+13:00,6,6
scipy\signal\tests\test_bsplines.py,test_bsplines.py,2016-12-10 20:23:29-08:00,19,19
scipy\_lib\tests\test_ccallback.py,test_ccallback.py,2016-08-21 17:16:12+02:00,13,13
scipy\spatial\tests\test_hausdorff.py,test_hausdorff.py,2016-10-02 17:55:22+01:00,17,17
scipy\stats\tests\test_discrete_distns.py,test_discrete_distns.py,2017-01-09 10:54:53+03:00,24,24
scipy\special\tests\test_sf_error.py,test_sf_error.py,2016-11-02 11:48:14-05:00,9,9
scipy\special\tests\test_pcf.py,test_pcf.py,2017-03-08 19:50:17-06:00,2,2
scipy\sparse\linalg\isolve\tests\test_gcrotmk.py,test_gcrotmk.py,2016-03-01 00:18:26+02:00,14,14
scipy\optimize\tests\test_trustregion_exact.py,test_trustregion_exact.py,2016-12-04 19:27:18-02:00,6,6
scipy\integrate\tests\test_ivp.py,test_ivp.py,2016-06-28 17:28:12+05:00,46,46
scipy\optimize\tests\test_linprog_ip.py,test_linprog_ip.py,2017-03-02 16:08:03-08:00,4,4
scipy\optimize\tests\test__remove_redundancy.py,test__remove_redundancy.py,2017-03-24 21:53:43-07:00,16,16
scipy\optimize\tests\test__linprog_ip_clean_inputs.py,test__linprog_ip_clean_inputs.py,2017-03-24 22:07:52-07:00,8,8
scipy\_lib\tests\test_paths.py,test_paths.py,2017-07-19 13:08:13-04:00,4,4
scipy\io\tests\test_paths.py,test_paths.py,2017-07-08 17:54:24+02:00,9,9
scipy\special\tests\test_kolmogorov.py,test_kolmogorov.py,2017-06-09 10:54:13-04:00,12,12
scipy\_lib\tests\test_warnings.py,test_warnings.py,2017-07-18 20:16:36+02:00,15,15
scipy\_lib\tests\test__testutils.py,test__testutils.py,2017-07-29 16:59:30+02:00,2,2
scipy\optimize\tests\test_trustregion_trlib.py,test_trustregion_trlib.py,2017-04-12 13:28:05+02:00,2,2
scipy\optimize\tests\test_trustregion_krylov.py,test_trustregion_krylov.py,2017-04-19 18:47:33+02:00,8,8
scipy\linalg\tests\test_sketches.py,test_sketches.py,2017-08-29 11:15:40+02:00,15,15
scipy\linalg\tests\test_decomp_ldl.py,test_decomp_ldl.py,2017-09-26 19:23:12+02:00,7,7
scipy\special\tests\test_nan_inputs.py,test_nan_inputs.py,2017-10-06 10:25:26-05:00,9,9
scipy\sparse\linalg\isolve\tests\test_minres.py,test_minres.py,2018-01-20 01:34:44+05:18,7,7
scipy\special\tests\test_owens_t.py,test_owens_t.py,2017-03-02 10:59:00+03:00,3,3
scipy\special\tests\test_zeta.py,test_zeta.py,2018-03-04 00:07:02-06:00,5,5
scipy\ndimage\tests\test_splines.py,test_splines.py,2018-03-05 22:27:25+01:00,4,4
scipy\optimize\_large_scale_constrained\tests\test_projections.py,test_projections.py,2017-07-31 15:38:07-03:00,2,2
scipy\optimize\_large_scale_constrained\tests\test_qp_subproblem.py,test_qp_subproblem.py,2017-07-31 15:38:07-03:00,1,1
scipy\optimize\tests\test_canonical_constraint.py,test_canonical_constraint.py,2017-07-31 15:38:07-03:00,2,2
scipy\optimize\tests\test_constraints.py,test_constraints.py,2017-07-31 15:38:07-03:00,21,21
scipy\optimize\tests\test_minimized_constrained.py,test_minimized_constrained.py,2017-07-31 15:38:07-03:00,3,3
scipy\optimize\_trustregion_constr\tests\test_minimize_trustregion_constr.py,test_minimize_trustregion_constr.py,2017-11-14 19:33:12-02:00,1,1
scipy\optimize\_trustregion_constr\tests\test_projections.py,test_projections.py,2017-11-14 19:33:12-02:00,6,6
scipy\optimize\_trustregion_constr\tests\test_qp_subproblem.py,test_qp_subproblem.py,2017-11-14 19:33:12-02:00,7,7
scipy\optimize\tests\test_minimize_constrained.py,test_minimize_constrained.py,2017-11-14 19:33:12-02:00,34,34
scipy\optimize\tests\test_differentiable_functions.py,test_differentiable_functions.py,2017-11-15 18:23:45-02:00,12,12
scipy\optimize\tests\test_hessian_update_strategy.py,test_hessian_update_strategy.py,2017-11-15 18:23:45-02:00,5,5
scipy\optimize\_trustregion_constr\tests\test_canonical_constraint.py,test_canonical_constraint.py,2018-01-25 19:10:20+05:00,4,4
scipy\_lib\tests\test_import_cycles.py,test_import_cycles.py,2018-04-11 23:50:32+02:00,6,6
scipy\special\tests\test_softmax.py,test_softmax.py,2018-03-15 11:05:13+01:00,1,1
scipy\spatial\transform\tests\test_rotation.py,test_rotation.py,2018-05-14 17:29:09+05:18,79,79
scipy\optimize\tests\test_constraint_conversion.py,test_constraint_conversion.py,2018-08-05 14:58:13-07:00,11,11
scipy\optimize\tests\test__linprog_clean_inputs.py,test__linprog_clean_inputs.py,2018-09-12 01:50:10+08:00,19,19
scipy\optimize\tests\test__dual_annealing.py,test__dual_annealing.py,2018-09-23 23:38:34+02:00,28,28
scipy\optimize\tests\test__shgo.py,test__shgo.py,2018-11-06 22:50:57-07:00,9,9
scipy\integrate\tests\test__quad_vec.py,test__quad_vec.py,2018-12-19 13:55:19+01:00,12,12
scipy\optimize\cython_optimize\tests\test_zeros.py,test_zeros.py,2018-03-05 23:06:50-08:00,21,21
scipy\optimize\tests\test_cython_optimize.py,test_cython_optimize.py,2018-11-08 15:37:23-08:00,6,6
scipy\ndimage\tests\test_morphology.py,test_morphology.py,2019-04-02 13:02:52-07:00,5,5
scipy\spatial\transform\tests\test_rotation_spline.py,test_rotation_spline.py,2019-02-17 23:21:43+03:00,5,5
scipy\optimize\tests\test_linear_assignment.py,test_linear_assignment.py,2019-06-12 14:50:46-04:00,12,12
scipy\fft\_pocketfft\tests\test_basic.py,test_basic.py,2019-06-24 16:31:30+01:00,12,12
scipy\fft\tests\test_fft_function.py,test_fft_function.py,2019-06-24 16:31:30+01:00,5,5
scipy\fft\tests\test_helper.py,test_helper.py,2019-06-24 16:31:30+01:00,10,10
scipy\fft\tests\test_numpy.py,test_numpy.py,2019-06-24 16:31:30+01:00,11,11
scipy\special\tests\test_ndtr.py,test_ndtr.py,2019-07-09 23:34:37-07:00,2,2
scipy\special\tests\test_hypergeometric.py,test_hypergeometric.py,2019-07-13 13:03:52-07:00,8,8
scipy\fft\tests\test_backend.py,test_backend.py,2019-07-17 04:40:47+01:00,8,8
scipy\fft\tests\test_real_transforms.py,test_real_transforms.py,2019-07-17 13:03:49+01:00,6,6
scipy\fft\_pocketfft\tests\test_real_transforms.py,test_real_transforms.py,2019-07-22 18:34:04+01:00,18,18
scipy\integrate\_ivp\tests\test_ivp.py,test_ivp.py,2019-05-10 11:49:05+03:00,13,13
scipy\integrate\_ivp\tests\test_rk_coefficients.py,test_rk_coefficients.py,2019-05-10 11:52:40+03:00,3,3
scipy\integrate\_ivp\tests\test_rk.py,test_rk.py,2019-05-12 02:13:46+03:00,4,4
benchmarks\benchmarks\tests\test_go_benchmark_functions.py,test_go_benchmark_functions.py,2019-08-17 18:26:42+10:00,2,2
scipy\fft\tests\test_multithreading.py,test_multithreading.py,2019-09-05 15:33:51+01:00,4,4
scipy\special\tests\test_exponential_integrals.py,test_exponential_integrals.py,2019-09-07 16:47:38-07:00,4,4
scipy\spatial\transform\tests\test_rotation_groups.py,test_rotation_groups.py,2019-09-12 03:12:28-04:00,3,3
scipy\special\tests\test_faddeeva.py,test_faddeeva.py,2019-09-13 20:35:30-07:00,3,3
scipy\optimize\tests\test_lbfgsb_setulb.py,test_lbfgsb_setulb.py,2019-10-17 23:49:37-05:00,2,2
scipy\optimize\_trustregion_constr\tests\test_report.py,test_report.py,2019-10-19 10:17:20+11:00,5,5
scipy\special\tests\test_pdtr.py,test_pdtr.py,2019-10-26 01:09:41-04:00,3,3
scipy\sparse\csgraph\tests\test_max_flow.py,test_max_flow.py,2019-07-31 16:25:58+02:00,1,1
scipy\sparse\csgraph\tests\test_flow.py,test_flow.py,2019-08-25 23:06:02+02:00,4,4
scipy\sparse\csgraph\tests\test_matching.py,test_matching.py,2019-08-11 23:24:51+02:00,13,13
scipy\sparse\linalg\tests\test_pydata_sparse.py,test_pydata_sparse.py,2019-10-05 15:42:12+03:00,9,9
scipy\special\tests\test_erfinv.py,test_erfinv.py,2019-12-09 10:47:11+08:00,5,5
scipy\_lib\tests\test__pep440.py,test__pep440.py,2019-12-29 00:45:42+00:00,4,4
scipy\special\tests\test_bdtr.py,test_bdtr.py,2019-12-30 14:37:17-05:00,3,3
scipy\special\tests\test_gamma.py,test_gamma.py,2020-01-04 12:55:45-08:00,1,1
scipy\linalg\tests\test_decomp_csd.py,test_decomp_csd.py,2020-02-12 13:05:45-08:00,1,1
scipy\linalg\tests\test_decomp_cossin.py,test_decomp_cossin.py,2020-02-16 12:16:03-08:00,7,7
scipy\special\tests\test_log_softmax.py,test_log_softmax.py,2020-03-02 07:19:15+09:00,4,4
scipy\spatial\tests\test_slerp.py,test_slerp.py,2020-03-20 16:21:19-06:00,6,6
pyHiGHS\tests\test_simple_presolve.py,test_simple_presolve.py,2020-04-08 19:03:06-06:00,1,1
scipy\optimize\_highs\pyHiGHS\tests\test_simple_presolve.py,test_simple_presolve.py,2020-04-09 20:10:15-07:00,1,1
scipy\_lib\tests\test_deprecation.py,test_deprecation.py,2020-04-06 20:32:49+03:00,1,1
scipy\signal\tests\test_result_type.py,test_result_type.py,2020-05-27 18:29:29+02:00,2,2
scipy\_lib\tests\test_bunch.py,test_bunch.py,2020-06-07 21:58:02-04:00,4,4
scipy\ndimage\tests\test_fourier.py,test_fourier.py,2020-08-26 03:04:11-04:00,3,3
scipy\ndimage\tests\test_interpolation.py,test_interpolation.py,2020-08-26 03:04:11-04:00,13,13
scipy\optimize\tests\test_quadratic_assignment.py,test_quadratic_assignment.py,2020-09-12 03:49:02-07:00,2,2
scipy\cluster\tests\test_disjoint_set.py,test_disjoint_set.py,2020-09-13 15:06:53+02:00,4,4
scipy\_lib\tests\test_linear_assignment.py,test_linear_assignment.py,2020-09-15 09:06:37+02:00,4,4
scipy\stats\tests\test_hypotests.py,test_hypotests.py,2020-09-24 23:47:11+02:00,80,80
scipy\linalg\tests\test_matmul_toeplitz.py,test_matmul_toeplitz.py,2020-11-09 03:21:02+00:00,1,1
scipy\stats\tests\test_crosstab.py,test_crosstab.py,2020-12-12 21:11:44-05:00,3,3
scipy\stats\tests\test_doe.py,test_doe.py,2019-09-19 13:43:23+02:00,1,1
scipy\stats\tests\test_qmc.py,test_qmc.py,2019-09-20 12:03:00+02:00,71,71
scipy\stats\tests\test_sobol_.py,test_sobol_.py,2020-06-18 15:31:03-10:00,13,13
scipy\_build_utils\boostinator\boost_test_build\setup.py,setup.py,2021-01-02 13:52:40-07:00,1,1
scipy\special\tests\test_wright_bessel.py,test_wright_bessel.py,2021-02-06 20:03:46+01:00,1,1
scipy\stats\tests\test_relative_risk.py,test_relative_risk.py,2021-03-06 10:50:54-05:00,1,1
scipy\special\tests\test_cosine_distr.py,test_cosine_distr.py,2021-03-21 14:24:48-04:00,2,2
scipy\stats\tests\test_entropy.py,test_entropy.py,2021-04-11 18:21:47-07:00,6,6
scipy\special\tests\test_ndtri_exp.py,test_ndtri_exp.py,2021-05-20 00:00:46-04:00,2,2
scipy\linalg\tests\test_misc.py,test_misc.py,2021-05-20 23:28:04+02:00,1,1
scipy\stats\tests\test_bootstrap.py,test_bootstrap.py,2021-05-21 07:00:56-07:00,10,10
scipy\interpolate\tests\test_rbfinterp.py,test_rbfinterp.py,2021-05-24 11:53:19-04:00,3,3
scipy\fft\tests\test_fftlog.py,test_fftlog.py,2021-05-25 15:18:35+01:00,4,4
scipy\sparse\linalg\eigen\tests\test_svds.py,test_svds.py,2021-06-17 16:11:24-07:00,6,6
scipy\special\tests\test_hyp2f1.py,test_hyp2f1.py,2021-07-20 21:56:10-04:00,7,7
scipy\stats\tests\test_sampling.py,test_sampling.py,2021-08-18 00:20:45+05:18,13,13
scipy\stats\tests\test_axis_nan_policy.py,test_axis_nan_policy.py,2021-08-22 15:29:22-07:00,16,16
scipy\sparse\linalg\tests\test_propack.py,test_propack.py,2021-09-07 02:22:56-07:00,6,6
scipy\linalg\tests\test_cythonized_array_utils.py,test_cythonized_array_utils.py,2021-09-05 18:48:46+02:00,7,7
scipy\io\_harwell_boeing\tests\test_fortran_format.py,test_fortran_format.py,2021-10-29 10:57:14+05:18,2,2
scipy\io\_harwell_boeing\tests\test_hb.py,test_hb.py,2021-10-29 10:57:14+05:18,1,1
scipy\io\_matlab\tests\test_byteordercodes.py,test_byteordercodes.py,2021-10-29 10:57:14+05:18,2,2
scipy\io\_matlab\tests\test_mio.py,test_mio.py,2021-10-29 10:57:14+05:18,4,4
scipy\io\_matlab\tests\test_mio5_utils.py,test_mio5_utils.py,2021-10-29 10:57:14+05:18,2,2
scipy\io\_matlab\tests\test_mio_funcs.py,test_mio_funcs.py,2021-10-29 10:57:14+05:18,2,2
scipy\io\_matlab\tests\test_mio_utils.py,test_mio_utils.py,2021-10-29 10:57:14+05:18,2,2
scipy\io\_matlab\tests\test_miobase.py,test_miobase.py,2021-10-29 10:57:14+05:18,2,2
scipy\io\_matlab\tests\test_pathological.py,test_pathological.py,2021-10-29 10:57:14+05:18,2,2
scipy\io\_matlab\tests\test_streams.py,test_streams.py,2021-10-29 10:57:14+05:18,2,2
scipy\sparse\linalg\_dsolve\tests\test_linsolve.py,test_linsolve.py,2021-11-12 20:54:02+05:18,3,3
scipy\sparse\linalg\_eigen\arpack\tests\test_arpack.py,test_arpack.py,2021-11-12 20:54:02+05:18,2,2
scipy\sparse\linalg\_eigen\lobpcg\tests\test_lobpcg.py,test_lobpcg.py,2021-11-12 20:54:02+05:18,7,7
scipy\sparse\linalg\_eigen\tests\test_svds.py,test_svds.py,2021-11-12 20:54:02+05:18,4,4
scipy\sparse\linalg\_isolve\tests\test_gcrotmk.py,test_gcrotmk.py,2021-11-12 20:54:02+05:18,2,2
scipy\sparse\linalg\_isolve\tests\test_iterative.py,test_iterative.py,2021-11-12 20:54:02+05:18,7,7
scipy\sparse\linalg\_isolve\tests\test_lgmres.py,test_lgmres.py,2021-11-12 20:54:02+05:18,2,2
scipy\sparse\linalg\_isolve\tests\test_lsmr.py,test_lsmr.py,2021-11-12 20:54:02+05:18,2,2
scipy\sparse\linalg\_isolve\tests\test_lsqr.py,test_lsqr.py,2021-11-12 20:54:02+05:18,2,2
scipy\sparse\linalg\_isolve\tests\test_minres.py,test_minres.py,2021-11-12 20:54:02+05:18,2,2
scipy\sparse\linalg\_isolve\tests\test_utils.py,test_utils.py,2021-11-12 20:54:02+05:18,2,2
scipy\_lib\tests\test_public_api.py,test_public_api.py,2021-11-15 10:06:11+05:18,8,8
scipy\sparse\tests\test_array_api.py,test_array_api.py,2021-10-07 23:51:05-07:00,9,9
scipy\signal\tests\test_czt.py,test_czt.py,2021-12-02 12:12:23-05:00,1,1
scipy\stats\tests\test_variation.py,test_variation.py,2021-12-05 19:24:47-05:00,1,1
scipy\special\tests\test_cdft_asymptotic.py,test_cdft_asymptotic.py,2021-12-28 07:30:30+05:18,1,1
scipy\optimize\tests\test_milp.py,test_milp.py,2022-01-22 23:02:00-08:00,10,10
scipy\stats\tests\test_resampling.py,test_resampling.py,2022-03-20 15:11:32-07:00,4,4
